Year,prejudice,bullying,mental disorder,trauma,secession,conspiracy,sovereignty,terrorism
1979,"['信仰主义', '根深蒂固', '经院哲学', '神权', '旧道德', '虚无主义', '愚昧', '伦理', '思想意识', '封建思想', '民族压迫', '礼教', '神学', '唯心史观', '利己主义', '陈腐', '宗法', '腐朽没落', '旧思想', '小生产者']","['受压迫', '暴虐', '凌辱', '压迫者', '愚弄', '欺侮', '非正义', '忘恩负义', '民族压迫', '蹂躏', '狰狞面目', '同受', '欺压', '四面楚歌', '鹰犬', '异族', '憎恶', '腐败', '盘剥', '窘境']","['宣告无罪', '嫌疑人', '第六十条', '取保候审', '拘传', '未遂', '第六十三条', '诈骗罪', '搜查证', '降薪', '拘留证', '未成年人', '杀人罪', '罚不当罪', '违禁品', '伪证罪', '鉴定结论', '传唤', '迟延', '由女']","['医治', '重建家园', '深重', '危难', '饱受', '外伤', '灾难性', '大灾难', '深渊', '转危为安', '肉体', '灾难', '祸害', '难以想象', '地治好', '巨大损失', '愈合', '衰弱', '元气', '难以克服']","['永久化', '阴谋活动', '挑拨离间', '纷争', '主义者', '仇视', '挑动', '分化', '互相残杀', '分裂主义', '敌对势力', '离间', '独裁', '倾轧', '祸根', '民族和解', '政治势力', '两大派', '三位一体', '敌对']","['阴谋活动', '图谋', '阴谋诡计', '永久化', '未能得逞', '走狗', '挫败', '制造舆论', '诡计', '精心策划', '策划', '追随者', '冒险主义', '密谋', '主义者', '挑动', '反动集团', '狼狈为奸', '鼓噪', '卑鄙']","['领土完整', '国家主权', '互不干涉', '互不侵犯', '干涉内政', '自决权', '管辖权', '行使主权', '民族尊严', '中立政策', '诉诸武力', '内部事务', '自决', '中立', '他国', '东耶路撒冷', '十二海里', '主权国家', '海洋权', '尊严']","['异教徒', '弱小民族', '圣战', '野蛮暴行', '非正义', '巢穴', '朗诺', '四面楚歌', '和朗诺', '鹰犬', '正义战争', '暴力行动', '获得胜利', '德意', '比勒陀利亚', '殖民政策', '保护权', '匪特', '含沙射影', '实力政策']"
1980,"['陈腐', '错误观念', '作祟', '传统观念', '习惯势力', '旧思想', '愚昧无知', '保守思想', '组织观念', '积习', '鄙薄', '余毒', '旧习', '斥之为', '囿于', '鄙视', '哥们义气', '嫉贤妒能', '错误思想', '宗派主义']","['强暴', '株连九族', '之害', '帮凶', '愚弄', '猖狂进攻', '异族', '丑恶嘴脸', '那伙', '毒菌', '伤天害理', '地受', '贪得无厌', '造谣惑众', '备受', '非人', '有受', '狰狞面目', '唾弃', '虐杀']","['结核病', '小儿麻痹', '妇科', '截瘫', '医师', '心血管病', '冠心病', '脉管炎', '肺癌', '皮肤病', '身体检查', '高血压', '糖尿病', '精神分裂症', '肝病', '妊娠', '确诊', '小儿', '乳腺癌', '肾脏']","['医治', '内伤', '身心', '深重', '在精神上', '遗留下', '肌体', '元气', '灾祸', '摧残', '浩劫', '大灾难', '污泥浊水', '太深', '祸害', '精神创伤', '伤痕', '复苏', '转危为安', '肉体上']","['挑拨离间', '纷争', '争权夺利', '阴谋活动', '政治势力', '祸根', '煽起', '矛盾激化', '煽风点火', '分化瓦解', '南北对话', '统治集团', '离间', '政治阴谋', '三党', '永久化', '勾心斗角', '挑动', '帝国主义者', '列强']","['阴谋活动', '政治阴谋', '谋害', '策划', '阴谋诡计', '策动', '图谋', '罪恶行径', '妄图', '帮凶', '篡权', '内乱', '得逞', '投靠', '诡计', '穷兵黩武', '分化瓦解', '阴险', '心理战', '暴乱']","['领土完整', '国家主权', '民族尊严', '自决', '自决权', '干涉内政', '民族自决', '民族自决权', '互不侵犯', '内部事务', '基本权利', '主权国家', '互不干涉', '合法权利', '正当权利', '南亚地区', '中立政策', '马约特岛', '平等权利', '中立区']","['新纳粹', '分裂主义', '恐怖活动', '极端分子', '极右派', '极右', '安全法', '仇视', '寡头', '种族主义者', '复国主义', '暴力行动', '反对派', '敌对', '犹太', '高压政策', '种族隔离', '破坏分子', '怠工', '右翼']"
1981,"['重男轻女', '余毒', '利己主义', '革命性', '陈腐', '经验主义', '等级制', '思想意识', '错误观念', '士大夫', '嫉妒', '悲观主义', '虚无主义', '传统观念', '见利忘义', '思想倾向', '封建残余', '市侩', '容易接受', '异己']","['宰割', '腐败无能', '奴役', '异族', '蹂躏', '受尽', '饱受', '欺侮', '铁蹄', '列强', '凌辱', '豪绅', '叛逆', '魔爪', '帝国主义者', '屈辱', '令人发指', '山河破碎', '受压迫', '摇摇欲坠']","['小儿麻痹', '膀胱', '确诊', '子宫癌', '遗传性', '心血管病', '精神分裂症', '健康检查', '乳腺癌', '放射疗法', '食道癌', '糖尿病', '肺癌', '眼病', '病理', '佝偻病', '直肠癌', '白血病', '呼吸道', '针刺']","['精神创伤', '内伤', '磨难', '后遗症', '深重', '饱受', '肌体', '后患', '百花凋零', '戕害', '祸根', '肉体', '封建意识', '创痛', '难以忍受', '幼小', '身心', '肉体上', '烂摊子', '天灾']","['阴谋活动', '四分五裂', '永久化', '分裂主义', '藩篱', '朝鲜半岛', '倒行逆施', '复国', '瓜分', '三十六年', '反动集团', '两半部', '独裁统治', '篡党夺权', '主义者', '仰人鼻息', '篡夺', '分化', '杨韦', '三通']","['阴谋活动', '阴谋诡计', '策划', '精心策划', '图谋', '篡党夺权', '篡夺', '策动', '恶毒', '罪恶行径', '险恶用心', '花招', '妄图', '颠覆', '诡计', '策划者', '作恶多端', '永久化', '分裂主义', '未能得逞']","['领土完整', '国家主权', '自决权', '中国教会', '干涉内政', '主权国家', '互不干涉', '内部事务', '民族尊严', '自决', '诉诸武力', '内政', '中立政策', '民族自决', '武力威胁', '合法利益', '互不侵犯', '合法权利', '权益', '傀儡政府']","['恐怖活动', '复国主义', '犹太复国', '挑衅性', '预谋', '反间谍', '叛乱分子', '报复性', '治安机关', '暴力行动', '现政权', '大肆宣传', '拘禁', '新纳粹', '占领者', '反南', '敌对', '沃斯特', '南非政府', '军事挑衅']"
1982,"['习惯势力', '传统观念', '论资排辈', '余毒', '错误思想', '形而上学', '错误观念', '宗派主义', '封建思想', '思想倾向', '陈腐', '教条主义', '思想僵化', '作怪', '经验主义', '关门主义', '世俗', '鄙薄', '两个凡是', '小生产者']","['饱受', '蹂躏', '凌辱', '暴虐', '憎恨', '虐杀', '压榨', '法西斯主义', '腐败无能', '奴役', '受压迫', '欺压', '奸淫', '残害', '异族', '仇敌', '滔天罪行', '令人发指', '走狗', '受尽']","['冠心病', '收治', '患有', '孕妇', '慢性病', '皮肤病', '确诊', '未成年人', '先天性', '脑炎', '致死', '陈光星', '疾患', '肝硬化', '肝病', '肺结核', '偏瘫', '监护人', '气管炎', '骨癌']","['恶果', '祸根', '极度', '祸害', '精神创伤', '困苦', '难以想象', '巨大损失', '毒害', '难以忍受', '在精神上', '悲剧性', '所受', '中受', '不良影响', '更会', '苦痛', '受到冲击', '内伤', '遗留']","['阴谋活动', '阵营', '宁汉', '反动势力', '政治势力', '合流', '独裁统治', '独裁政权', '永久化', '极右', '顽固派', '纷争', '挑拨离间', '宗派', '亲苏', '朴正熙', '争权夺利', '独裁', '从中取利', '离间']","['恐怖组织', '策划', '政治阴谋', '阴谋活动', '花招', '图谋', '玩弄', '阴谋诡计', '傀儡', '妄图', '精心策划', '伎俩', '祸国殃民', '反动势力', '骗局', '全斗焕', '美帝国主义', '妄想', '主义者', '汉奸']","['领土完整', '他国', '国家主权', '英侨', '内政', '自决', '阿对', '内部事务', '自决权', '互不干涉', '民族自决', '民族自决权', '原则立场', '迪岛', '尊重人权', '但英', '互不侵犯', '合法权利', '独立国家', '发展权']","['好战', '讹诈', '制造事端', '挑衅性', '恐怖活动', '使用暴力', '仇视', '恫吓', '横行霸道', '原教旨主义', '谋杀', '恐怖组织', '蓄谋已久', '就范', '阴谋活动', '心理战', '背信弃义', '混水摸鱼', '复国主义', '谣言']"
1983,"['抵触情绪', '错误观念', '习惯势力', '陈腐', '旧思想', '传统观念', '轻视', '论资排辈', '世俗', '多子', '流毒', '封建思想', '思想束缚', '私心杂念', '作祟', '糊涂认识', '彻底清除', '封建残余', '摈弃', '虚无主义']","['受压迫', '奴役', '凌辱', '饱受', '受尽', '欺侮', '民族压迫', '蹂躏', '魔爪', '豪绅', '暴政', '奴化教育', '残暴', '异族', '纳粹主义', '杀戮', '寡头', '封建统治', '干着', '铁蹄']","['复发', '慢性病', '肺病', '冠心病', '黄疸', '乳腺癌', '确系', '低血糖症', '患有', '精神分裂症', '并发症', '脏乱', '供认不讳', '小病', '先天性', '碰伤', '高血压', '病症', '胃病', '婚后']","['深重', '饱受', '肌体', '精神创伤', '困苦', '惨重', '消极影响', '重压', '极度', '浩劫', '所受', '惨痛', '磨难', '精神负担', '耻辱', '祸根', '难以忍受', '内忧外患', '磨灭', '灾难']","['一党', '互相残杀', '阴谋活动', '分治', '阴谋', '自相残杀', '肢解', '美帝', '挑动', '谣传', '纷争', '帝国主义者', '再起', '险恶用心', '永久化', '分而治之', '挑拨离间', '苏叙', '割据', '台湾独立']","['阴谋活动', '图谋', '未能得逞', '灭绝人性', '美帝', '罪恶行径', '污蔑', '顽固派', '篡夺', '背叛', '颠覆', '帝国主义者', '策划', '卖国贼', '戳穿', '肢解', '恶毒', '政治阴谋', '犹太复国', '诡计']","['领土完整', '行使主权', '国家主权', '治权', '自决', '主权国家', '塞浦路斯共和国', '内政', '自决权', '一九九七年', '互不干涉', '马尔维纳斯群岛', '互不侵犯', '原则立场', '民族和解', '内部事务', '恢复主权', '民族自决', '干涉内政', '豁免']","['挑衅性', '谋害', '侵略性', '预谋', '反苏', '罪恶行径', '种族主义者', '暴力行动', '背信弃义', '实力政策', '纳粹主义', '恐怖活动', '好战', '滔天罪行', '新闻自由', '臭名昭著', '犹太复国', '不宣而战', '统治集团', '非正义']"
1984,"['陈腐', '错误认识', '陈旧观念', '习惯势力', '错误观念', '求全责备', '私心杂念', '嫉贤妒能', '旧思想', '封建思想', '错误思想', '遗毒', '妒贤忌能', '作怪', '自满情绪', '思想束缚', '根子', '旧习惯', '旧习', '自卑感']","['凌辱', '饱受', '蹂躏', '奴役', '受尽', '冤屈', '之苦', '惨死', '异族', '杀戮', '受压迫', '悲惨', '饱尝', '拷打', '盛世才', '身受', '葬送', '欺侮', '屈辱', '不白之冤']","['慢性病', '恶性肿瘤', '痴呆', '近视眼', '先天性', '急性', '做手术', '死因', '患有', '肢体', '腹泻', '致人', '脑血管', '精神失常', '轻伤', '新生儿', '多发性', '悔改', '斜颈', '骨质增生']","['浩劫', '深重', '内乱', '饱经', '后遗症', '无法控制', '战乱', '遗留下', '所受', '严酷', '不义', '恐惧', '灾祸', '触发', '矛盾激化', '不良影响', '骨肉分离', '频仍', '维系', '愚昧无知']","['危', '挑拨', '吞并', '背叛', '离间', '内乱', '走狗', '阴谋活动', '图谋', '主义者', '独裁', '三十九年', '敌对', '瓜分', '统治集团', '仇恨', '桑岛', '暴政', '纷争', '招致']","['阴谋活动', '复国主义', '猖狂进攻', '索摩查', '雇佣军', '走狗', '罪恶行径', '诬蔑', '分裂主义', '犹太', '占领者', '残暴', '野蛮暴行', '恐怖主义', '暴行', '叛乱', '精心策划', '匪徒', '卖国', '恐怖活动']","['领土完整', '国家主权', '干涉内政', '自决权', '内部事务', '领土', '内政', '互不干涉', '自决', '民族自决', '马尔维纳斯群岛', '福克兰群岛', '独立国家', '民族尊严', '他国', '治权', '豁免', '互不侵犯', '民族利益', '巴勒斯坦国']","['恐怖活动', '好战', '暴力行动', '极端分子', '阴谋活动', '扩张政策', '颠覆', '雇佣军', '复仇主义', '对尼', '扩张主义', '恶毒', '灭绝种族', '实力政策', '图谋', '占领者', '野蛮暴行', '武装侵略', '走狗', '策划者']"
1985,"['论资排辈', '封建思想', '作怪', '重男轻女', '鄙薄', '世俗', '余毒', '陈腐', '封建意识', '习惯势力', '因循守旧', '思想意识', '受旧', '宗派主义', '陈旧观念', '遗风', '男尊女卑', '流毒', '禁锢', '旧思想']","['受压迫', '蹂躏', '凌辱', '奴役', '压榨', '悲惨遭遇', '饱受', '欺压', '祸害', '憎恨', '痛恨', '民族压迫', '异族', '杀戮', '横遭', '屈辱', '暴政', '为所欲为', '买办', '压迫']","['收治', '脑血管病', '不育症', '痔', '就诊', '矽肺病', '恢复期', '瘘', '康复', '慢性病', '口腔', '专科门诊', '诊所', '偏瘫', '结核病', '医学院校', '重危', '放射科', '防治所', '救护站']","['灾祸', '所受', '深重', '磨难', '战乱', '困苦', '折磨', '劫难', '惨痛教训', '惨绝人寰', '浩劫', '饱受', '灾难性', '骇人听闻', '厄运', '颠沛流离', '痛恨', '灭顶之灾', '苦斗', '受尽']","['割据', '挑拨', '主义者', '导火线', '对峙', '退让', '阴谋', '阴谋活动', '独裁统治', '军事冲突', '民族和解', '敌对', '正统派', '反华', '抗美', '流血冲突', '派别', '红色高棉', '宪制', '阶级矛盾']","['图谋', '阴谋诡计', '分化瓦解', '挑拨', '亲日派', '阴谋活动', '傀儡政权', '策划', '戳穿', '妄图', '吞并', '气焰', '反华', '剿共', '策动', '必遭', '未能得逞', '攘外必先安内', '卖国', '既成事实']","['领土完整', '国家主权', '自决', '干涉内政', '互不干涉', '领土', '内政', '内部事务', '自决权', '马尔维纳斯群岛', '巴勒斯坦国', '互不侵犯', '民族自决', '重返家园', '民族尊严', '治权', '合法权利', '民族自决权', '他国', '原则立场']","['恐怖活动', '恐怖行动', '复国主义', '贩毒', '扩张政策', '暴力行动', '劫持人质', '暴力行为', '反恐怖', '国际公法', '泄密', '现政权', '破坏活动', '扩张主义', '臭名昭著', '美以', '侵略性', '犹太', '辩解', '采取任何']"
1986,"['世俗', '成见', '陈腐', '愚昧无知', '小生产者', '封建意识', '重男轻女', '因循守旧', '文人相轻', '作祟', '愚昧落后', '自私自利', '鄙视', '客观事实', '习气', '作怪', '错误观念', '狭隘', '思想意识', '错误思想']","['杀戮', '惨无人道', '唾弃', '惨酷', '仇视', '蹂躏', '欺压', '主子', '残害', '恐吓', '仇恨', '爪牙', '侵扰', '非法行为', '残忍', '蒙蔽', '不人道', '诱降', '受害国', '占领者']","['近视眼', '胃炎', '小儿麻痹', '风湿病', '肺病', '肺炎', '喉癌', '患儿', '老年性痴呆', '眼疾', '此病', '聋哑', '轻度', '牛皮癣', '危重', '阑尾炎', '截肢', '精神分裂症', '肺气肿', '肩周炎']","['神经系统', '后遗症', '弹道学', '脊髓', '脑血管', '折磨', '病变', '恶果', '医治', '中风', '肢体', '肉体上', '肉体', '坏死', '忍受着', '中枢神经', '溶血性', '肝', '精神负担', '缺损']","['阴谋活动', '永久化', '阴谋', '篡党夺权', '主义者', '对峙', '终将', '政治势力', '内战', '非正义', '希特勒法西斯', '力量悬殊', '流血冲突', '分裂主义', '野心', '敌对', '转入地下', '反越', '批林批孔', '篡夺']","['阴谋活动', '篡党夺权', '策动', '未能得逞', '妄图', '永久化', '祸国殃民', '颠覆', '反华', '分裂主义', '顽固派', '倒行逆施', '惨酷', '反越', '占领者', '夺权', '爪牙', '图谋', '气焰', '诬蔑']","['领土完整', '民族尊严', '国家主权', '内部事务', '民族自决', '自决', '主权国家', '独立国家', '合法权利', '民族自决权', '内政', '运河区', '自决权', '盟友', '互不干涉', '基本准则', '巴勒斯坦国', '国际法', '领土', '武装入侵']","['恐怖活动', '恐怖行动', '毒品走私', '武装入侵', '暴力行动', '美以', '恐怖分子', '天主教会', '亵渎', '意奥', '挑衅性', '非暴力', '制造舆论', '恐怖组织', '武装侵略', '民族自决权', '军事行动', '反恐怖', '对利', '强硬态度']"
1987,"['世俗', '狭隘', '自私', '利己主义', '男尊女卑', '虚无主义', '旧习惯', '旧思想', '守旧', '重男轻女', '论资排辈', '思想观点', '轻商', '封建意识', '自私自利', '人治', '宗法', '安于现状', '实用主义', '作怪']","['官僚资本', '异族', '凌辱', '剥削者', '而动', '同化', '奴役', '压迫', '附属国', '卑鄙', '欺侮', '仇视', '蹂躏', '有百害而无一利', '买办', '与生俱来', '有色人种', '资产者', '禁忌', '弱国']","['诊治', '老年病', '慢性病', '收治', '小儿麻痹', '重症', '病患者', '小儿麻痹症', '肺炎', '病儿', '病区', '肝炎', '脑性', '皮肤病', '眼病', '喉癌', '疾患', '中晚期', '入院', '截瘫']","['眼疾', '危重', '缺损', '医治', '断肢', '转危为安', '不浅', '感染', '损伤', '无可挽回', '精神负担', '疾患', '病痛', '并发症', '短缩', '坏死', '肉体上', '身心', '煎熬', '严峻考验']","['阴谋活动', '分裂主义', '妄想', '妄图', '统治集团', '主义者', '永久化', '独裁统治', '一小撮', '蓄意', '阴谋', '顽固派', '制造事端', '敌视', '内战', '仇视', '武装侵略', '一党', '得逞', '事端']","['阴谋活动', '妄想', '血腥', '武装侵略', '分裂主义', '叛乱', '穷兵黩武', '抵抗运动', '傀儡政权', '蓄意', '顽固派', '倒行逆施', '悍然', '反动势力', '策划', '颠覆', '妄图', '破坏活动', '倒戈', '派兵']","['领土完整', '内部事务', '国家主权', '主权国家', '互不干涉', '自决权', '民族自决', '互不侵犯', '自决', '独立国家', '割让', '无可争辩', '睦邻政策', '民族尊严', '麦克马洪线', '无核国家', '合法权利', '私性', '并吞', '扩张政策']","['反苏', '恐怖活动', '挑衅性', '贩毒', '反恐怖', '敌对势力', '暴力行为', '复国主义', '强权政治', '反民主', '破坏活动', '高压政策', '扩张主义', '颠覆', '武力威胁', '激起公愤', '阴谋活动', '国际舆论', '必要措施', '露骨']"
1988,"['世俗', '鄙视', '守旧', '外来文化', '狭隘', '剥削阶级', '根深蒂固', '个人主义', '因袭', '封建残余', '家长制', '习惯势力', '成见', '惰性', '愚昧落后', '教条式', '陈规陋习', '功利主义', '定势', '遗毒']","['蹂躏', '犹太民族', '强暴', '震怒', '专横', '受尽', '压榨', '暴烈', '政客', '放逐', '杀戮', '凌辱', '刑讯', '刽子手', '灭绝人性', '未泯', '怒斥', '利诱', '残暴', '令人发指']","['偏瘫', '婴幼儿', '脊柱', '肝硬化', '慢性病', '喉癌', '小儿麻痹', '贫血', '重症', '沙眼', '肝病', '诊治', '救治', '不育症', '肾癌', '先天性', '截瘫', '小儿', '收治', '遗传病']","['衰竭', '肉体', '危险性', '所受', '医治', '透析', '折磨', '身心', '损伤', '摧残', '切口', '疼痛', '无法估量', '深重', '外伤', '眼球', '缺氧', '弹道学', '化疗', '冠状动脉']","['永久化', '主义者', '敌对', '阴谋活动', '妄想', '殖民主义', '台湾独立', '分离主义', '阴谋', '霸权主义', '既成事实', '敌对势力', '图谋', '一党', '三座大山', '反华', '反殖', '反侵略', '政治危机', '罪恶行径']","['阴谋活动', '图谋', '罪恶行径', '事端', '倒行逆施', '蓄意', '恐怖行动', '大屠杀', '政变', '永久化', '妄图', '策划', '顽固派', '叛国', '独裁', '扩张主义', '挑衅', '汉奸', '武装入侵', '反党集团']","['领土完整', '国家主权', '内部事务', '干涉内政', '民族自决', '无可争辩', '自决权', '自决', '自由民主', '互不干涉', '民族自决权', '东沙群岛', '生存权', '领土', '宗教自由', '交战国', '无核国家', '合法权利', '强权政治', '南太']","['暴力行为', '恐怖活动', '恐怖行动', '精心策划', '暴力行动', '非暴力', '毒品走私', '反恐怖', '以反', '贩毒', '报复性', '南非政府', '敌对', '武装侵略', '恐怖', '以色列政府', '预谋', '罪恶行径', '不得人心', '间谍']"
1989,"['不怀', '鄙薄', '自负', '憎恶', '崇洋媚外', '目光短浅', '拜金主义', '虚荣', '实用主义', '鄙视', '摈弃', '好恶', '利害', '教师职业', '鄙弃', '自视', '盲从', '盲目崇拜', '愚弄', '世俗']","['蹂躏', '欺侮', '杀戮', '百般', '异族', '受尽', '干着', '酷刑', '昏庸', '严刑拷打', '盛气凌人', '魔王', '无耻', '非人', '走狗', '看穿', '暴君', '宽恕', '压迫', '宰割']","['心血管病', '弱视', '白血病', '高血压', '先天性', '病毒感染者', '新生儿', '性病', '癌', '接生', '腹泻', '淋巴', '孕妇', '综合症', '胃癌', '肺癌', '精神病人', '糖尿病', '疾病', '冠心病']","['医治', '麻风病', '病痛', '愈合', '浩劫', '烧伤', '困窘', '癌前', '必定会', '惨祸', '纷乱', '不治之症', '主导性', '肾移植', '世界大战', '养料', '重整', '荡涤', '打上', '不孕症']","['主义者', '敌对', '暴力行动', '台湾独立', '图谋', '阴谋活动', '敌视', '一中一台', '分裂主义', '霸权', '复辟', '分离主义', '四分五裂', '离间', '沙文主义', '蓄意', '民族情绪', '帝国主义者', '张国焘', '所犯']","['阴谋活动', '反动分子', '险恶用心', '图谋', '暴力行动', '蓄意', '破坏活动', '帝国主义者', '挑动', '策动', '事端', '篡党夺权', '得逞', '反扑', '妄想', '罪恶行径', '幕后策划', '网罗', '策划者', '未能得逞']","['领土完整', '国家主权', '民族自决权', '自决', '民族尊严', '独立国家', '民族自决', '自决权', '领土', '互不侵犯', '内部事务', '内陆国', '行使主权', '互不干涉', '主权国家', '他国', '基本准则', '相互尊重', '阿拉伯河', '干涉内政']","['恐怖行动', '对诺列加', '不人道', '暴力行动', '军政当局', '恐怖活动', '沙文主义', '分离主义', '新纳粹', '占领者', '高压政策', '施加影响', '侵略扩张', '反苏', '宣传战', '极右翼', '化学工厂', '南非政府', '暴力行为', '秘密活动']"
1990,"['偏激', '厌恶', '良知', '狂妄', '世俗', '鄙视', '漠视', '异化', '自私', '没落', '因循守旧', '怜悯', '陈腐', '幼稚', '迷惘', '恐惧', '无知', '盲目崇拜', '逆来顺受', '排外']","['宰割', '奴役', '饱受', '任人宰割', '受尽', '欺侮', '蹂躏', '苦难深重', '灾难深重', '走狗', '半封建社会', '屈辱', '旧时代', '官僚资本主义', '半封建', '凌辱', '弱国', '深渊', '近百年来', '沦丧']","['治愈', '先天性', '患有', '妇科病', '周某', '复发', '风湿性关节炎', '糖尿病', '肝硬化', '精神病人', '危重', '风湿病', '缠身', '三叉神经痛', '中晚期', '慢性病', '偏瘫', '症', '遗传病', '支气管炎']","['深重', '骨肉分离', '苦难', '饱尝', '后患', '百废待兴', '福音', '恐惧感', '郁闷', '幼小', '水深火热', '病痛', '忍受', '解救出来', '磨砺', '饱经', '难以言状', '重负', '痛苦', '医治']","['分裂主义', '台湾独立', '壁障', '阴谋活动', '割据', '现政权', '离心', '独裁统治', '障壁', '制造事端', '独裁', '专制', '统治集团', '敌对', '搞垮', '划清界线', '妄图', '反分裂', '夺权', '反民主']","['阴谋活动', '夺权', '妄图', '破坏活动', '事端', '顽固派', '反动势力', '图谋', '策动', '颠覆', '反华', '伺机', '反共', '制造事端', '宣传煽动', '敌对', '挫败', '敌对势力', '妄想', '叛乱']","['领土完整', '国家主权', '独立国家', '自决', '民族自决', '内部事务', '合法权利', '互不侵犯', '民族尊严', '自决权', '以色列国', '外来干涉', '国权', '合法政府', '行使主权', '托管地', '司法权', '国籍法', '斯湾', '民族自决权']","['极端主义', '暴力行动', '恐怖活动', '非正义', '侵略扩张', '罪恶行径', '保守势力', '分离主义', '极右', '怂恿', '极端分子', '现政权', '扩张政策', '反民主', '违宪', '制造事端', '扩张主义', '破坏分子', '天皇制', '胁迫']"
1991,"['别有用心', '自暴自弃', '不怀', '极少数人', '不抱', '无知', '狭隘', '成见', '轻视', '恶意', '软弱', '左顾右盼', '荒谬', '鄙视', '习惯势力', '之徒', '非议', '欺压', '非人', '实用主义']","['受尽', '凌辱', '奴役', '官僚资本主义', '屈辱', '任人宰割', '欺辱', '欺压', '宰割', '身受', '受压迫', '蹂躏', '列强', '欺侮', '枷锁', '外族', '灾难深重', '统治者', '盘剥', '军阀割据']","['急诊', '偏瘫', '骨科', '内科', '风湿病', '司法鉴定', '皮肤病', '肾炎', '患有', '行动不便', '阑尾炎', '心肌梗塞', '眼病', '癫痫病', '肝病', '血液病', '截瘫', '患儿', '此病', '孤寡']","['医治', '治愈', '浩劫', '天灾人祸', '祸患', '惨重', '诸多困难', '救治', '突发事件', '不测', '后患', '受到破坏', '巨大损失', '严重损失', '福音', '祸害', '深重', '生灵涂炭', '羁绊', '估量']","['台独分子', '倒行逆施', '台湾独立', '背叛', '永久化', '一小撮', '罪恶', '阴谋', '独台', '气焰嚣张', '叛国', '数典忘祖', '得逞', '台独', '妄图', '一中一台', '玩火自焚', '分裂主义', '坐视', '千古罪人']","['罪恶', '倒行逆施', '独裁', '图谋', '妄图', '卖国', '分裂主义', '帝国主义者', '叛乱', '反党', '叛国', '专制', '叫嚣', '反共', '反华', '独裁统治', '反动势力', '破坏活动', '台独分子', '策动']","['领土完整', '国家主权', '以色列国', '自决权', '主权国家', '自决', '内部事务', '尊重人权', '干涉内政', '终审权', '民族自决', '民族自决权', '海洋权益', '司法权', '合法政府', '民族尊严', '犹太民族', '睦邻政策', '互不干涉', '立法权']","['恐怖活动', '灭绝种族', '武力威胁', '挑衅', '洗钱', '暴力行为', '杀伤性', '武装侵略', '非法组织', '恐怖组织', '非暴力', '核战争', '敌对行动', '酷刑', '流血冲突', '暴力行动', '合法化', '非军事', '使用暴力', '破坏活动']"
1992,"['无知', '拜金主义', '厌倦', '责难', '习气', '懒惰', '旧思想', '习惯势力', '作祟', '唯心主义', '鄙视', '个人主义', '自私', '虚伪性', '滋长', '仇恨', '既得利益', '作怪', '极少数人', '社会存在']","['欺侮', '抵御外侮', '封建统治', '受尽', '孤傲', '凌辱', '生离死别', '孱弱', '侵凌', '泯灭', '国殇', '死得', '劫掠', '冒犯', '哪有什么', '我常', '坚贞', '尊崇', '轻蔑', '那首歌']","['近视眼', '重症', '哮喘病', '诊治', '湿疹', '青光眼', '脑血管病', '脊髓', '类风湿病', '眼病', '急症', '老年病', '此病', '外科', '关节病', '余例', '治愈', '危重病', '脑肿瘤', '多例']","['医治', '眼疾', '并发症', '夺去', '饱经', '产妇', '救治', '肉体上', '瘟疫', '高原病', '肉体', '食不果腹', '后遗症', '自理能力', '病毒感染', '颠沛流离', '扼杀', '毁于一旦', '折磨', '转危为安']","['敌对', '分裂主义', '图谋', '台独', '台湾独立', '阴谋活动', '分离主义', '一小撮', '阴谋', '两府', '一中一台', '颠覆', '政教合一', '野心', '敌视', '民族压迫', '势力', '神权', '罪恶', '反殖']","['暴乱', '卖国', '煽动', '倒行逆施', '罪行', '酷刑', '镇压', '背叛', '行径', '反共', '颠覆', '顽固派', '顽固', '挑衅', '残暴', '反党', '汉奸', '诬蔑', '反动派', '独裁']","['国家主权', '领土完整', '民族利益', '民族自决权', '自决', '海洋权益', '干涉内政', '民族尊严', '内政', '尊重人权', '主权国家', '内部事务', '自决权', '互不干涉', '马尔维纳斯群岛', '四岛', '民族自决', '生存权', '践踏', '尊严']","['暴力行为', '恐怖活动', '颠覆', '极端主义', '武装侵略', '排外主义', '台湾独立', '镇压', '暴力行动', '行径', '核扩散', '洗钱', '领水', '酷刑', '公共秩序', '灭绝种族', '破坏活动', '独裁', '犯下', '国际制裁']"
1993,"['偏颇', '目光短浅', '习惯势力', '狭隘', '思想意识', '根深蒂固', '毋庸讳言', '无政府主义', '厌倦', '心理障碍', '优越感', '人权观', '错误认识', '过激', '各不相同', '既得利益', '不无关系', '剥削制度', '陈规陋习', '脱离现实']","['凌辱', '被压迫', '饱受', '屈辱', '受尽', '欺压', '奴役', '列强', '附属国', '压迫', '悲惨', '农奴制', '殖民主义者', '统治者', '饱经忧患', '官僚资本主义', '唾弃', '憎恨', '掠夺', '深重']","['多例', '胃癌', '淋巴', '尿毒症', '复明', '心肌梗塞', '瘤', '肺气肿', '精神分裂症', '膀胱癌', '急性', '肾移植', '新疗法', '人经', '重症', '移植手术', '脑膜炎', '病毒性', '痤疮', '矫形']","['摧残', '深重', '蹂躏', '灾难', '流血', '煎熬', '惨痛', '饱经', '血腥', '深表同情', '折磨', '不白之冤', '内乱', '饥荒', '心肌梗塞', '浩劫', '困苦', '免遭', '农奴制', '缠身']","['台湾独立', '反华', '分裂主义', '妄图', '图谋', '排外主义', '决裂', '主义者', '势力', '殖民统治', '专制', '仇恨', '四分五裂', '敌视', '坐视', '侵略战争', '两席', '极右', '挑衅', '倒行逆施']","['暗杀', '镇压', '妄图', '谋杀', '屠杀', '挑衅', '圣战', '图谋', '反华', '罪名', '利比亚人', '恐怖分子', '血腥', '行刺', '反动派', '密谋', '空难事件', '恐怖主义', '反抗', '抵抗力量']","['领土完整', '国家主权', '自决', '民族自决权', '内部事务', '互不侵犯', '外来干涉', '自决权', '叙伊土', '永久中立', '民族尊严', '治权', '领土', '互不干涉', '自治权', '国内法', '干涉内政', '尊重人权', '有损于', '民族利益']","['反华', '分裂主义', '暴力行为', '挑衅', '暴力行动', '恐怖活动', '报复性', '圣战', '敌视', '台湾独立', '军事冲突', '哈马斯', '专横', '情报机构', '排外主义', '叛乱', '不人道', '武装入侵', '抵抗力量', '恐怖组织']"
1994,"['善恶', '全盘否定', '偏激', '傲慢', '偏颇', '唯心主义', '似是而非', '自相矛盾', '懦弱', '厌倦', '不加分析', '西学', '根深蒂固', '极少数人', '世俗', '荒谬', '一丝一毫', '嘲讽', '怀旧', '责难']","['奴役', '宰割', '欺侮', '凌辱', '受尽', '任人宰割', '蹂躏', '掠夺', '受压迫', '压迫', '欺压', '官僚资本主义', '屈辱', '仇恨', '被压迫', '残暴', '摧残', '嘲弄', '反抗', '列强']","['骨科', '结核病', '眼病', '肝病', '骨髓炎', '脉管炎', '专科医院', '血液病', '肾病', '癫痫', '妇科', '癫痫病', '诊治', '脑瘤', '骨质增生', '骨病', '牛皮癣', '牙病', '职业病', '疑难病']","['医治', '后遗症', '病痛', '小儿麻痹症', '肢体', '折磨', '核战争', '祸根', '免于', '缺损', '尿毒症', '脏器', '脊柱', '并发症', '治愈', '截肢', '鼾症', '排异', '饥饿', '肉体']","['图谋', '两府', '一中一台', '阴谋', '台湾独立', '反共', '煽动', '妄图', '主义者', '不得人心', '分裂主义', '分治', '政治阴谋', '颠覆', '治权', '敌视', '种族歧视', '武装侵略', '台独', '帝国主义']","['颠覆', '图谋', '妄图', '台湾独立', '极端主义', '煽动', '镇压', '反共', '鼓噪', '未能得逞', '政治阴谋', '独裁', '破坏活动', '台独', '两府', '突然袭击', '暴力行为', '背叛', '法西斯主义', '野蛮']","['领土完整', '国家主权', '治权', '外来干涉', '互不侵犯', '自决权', '武装侵略', '内政', '内部事务', '平等互惠', '原则立场', '以强凌弱', '互不干涉', '武力威胁', '先不谈', '干涉内政', '欺小', '领土', '当事国', '无可争辩']","['极端主义', '破坏活动', '反毒', '预防性', '暴力行为', '恐怖活动', '暴力行动', '极端分子', '挑衅', '公共秩序', '窃密', '合法化', '恐怖事件', '武装集团', '扫毒', '颠覆', '纳粹主义', '杀伤性', '叛乱', '贪污腐败']"
1995,"['优越感', '无知', '根深蒂固', '横加指责', '重男轻女', '偏狭', '蔑视', '利己主义', '封建意识', '肤浅', '虚无主义', '性别歧视', '习惯势力', '其本质', '儒家文化', '世俗', '曲解', '作怪', '不抱', '甚嚣尘上']","['欺侮', '屈辱', '压迫', '凌辱', '列强', '宰割', '灾难深重', '奴役', '受尽', '受压迫', '血泪史', '受辱', '蹂躏', '外族', '官僚资本主义', '枷锁', '压榨', '饱尝', '奇耻大辱', '饱受']","['脑血栓', '哮喘病', '白血病', '肾病', '关节炎', '肝病', '重症', '先天性', '肺癌', '此病', '多发性', '子宫', '脑瘫', '患上', '轻度', '脊髓', '小儿麻痹', '万例', '肝炎', '骨癌']","['深重', '创痛', '医治', '难以忍受', '深表同情', '灾难', '战祸', '劫难', '无法估量', '浩劫', '悲惨', '悲伤', '免遭', '煎熬', '内乱', '巨大损失', '后遗症', '灾祸', '生存环境', '仇恨']","['分治', '图谋', '台湾独立', '一中一台', '台独分子', '分裂主义', '鼓吹', '祸藏', '祸教', '穷兵黩武', '妄图', '独台', '暴露无遗', '行径', '台独', '倒行逆施', '坐视不理', '叛国', '挟洋', '宪政改革']","['颠覆', '独裁统治', '背信弃义', '煽动', '叛乱', '顽固派', '张国焘', '叛国', '行径', '挑衅', '分裂主义', '罪恶行径', '反动派', '投敌', '逆流', '伊阵', '独裁', '策动', '倒行逆施', '相勾结']","['领土完整', '国家主权', '海洋权益', '民族尊严', '自决权', '内部事务', '自决', '外来干涉', '内政', '承担义务', '原则立场', '互不干涉', '互不侵犯', '无可争辩', '干涉内政', '神圣不可', '领土', '统治权', '军贸', '合法政府']","['恐怖活动', '极端主义', '恐怖行动', '原教旨主义', '巴激进', '偷猎', '极端分子', '贩毒', '扫毒', '反毒', '种族歧视', '暴力犯罪', '伊阵', '恐怖组织', '破坏活动', '流血冲突', '现政权', '家庭暴力', '游行示威', '核扩散']"
1996,"['不抱', '优越感', '曲解', '排外', '敌意', '孤立主义', '别有用心', '论者', '尖锐对立', '后现代主义', '无知', '傲慢', '全盘西化', '奇谈怪论', '不能容忍', '容忍', '横加指责', '贬低', '指手划脚', '处心积虑']","['欺侮', '蹂躏', '受压迫', '封建统治', '凌辱', '被压迫', '殖民主义', '压迫', '列强', '饱经忧患', '灾难深重', '欺压', '外敌', '统治者', '滔天罪行', '危亡', '枷锁', '暴虐', '摧残', '压榨']","['慢性病', '脑瘫', '多例', '白内障', '肝硬化', '矫治', '腹水', '重症', '类风湿', '肝癌', '重度', '脱残', '先天性', '白血病', '尿毒症', '心脑血管', '脑血管病', '育龄妇女', '胎儿', '遗传病']","['医治', '后遗症', '休克', '劫难', '衰竭', '免遭', '冠心病', '煎熬', '治愈', '浩劫', '躯体', '综合症', '折磨', '摧残', '截肢', '免疫系统', '苦痛', '愈合', '肝脏', '深重']","['一中一台', '台湾独立', '台独', '图谋', '倒行逆施', '分裂主义', '分治', '真独', '罔顾', '挟洋', '假统', '妄图', '叛国', '越走越远', '阴谋活动', '割据', '相勾结', '不得人心', '民族大义', '侵略扩张']","['妄图', '分裂主义', '攘外必先安内', '独裁统治', '反共', '倒行逆施', '反动分子', '顽固派', '第一枪', '统治集团', '独裁', '悍然', '美帝国主义', '反动派', '美蒋', '追随者', '阴谋活动', '自卫战争', '卖国', '反动势力']","['领土完整', '国家主权', '自决', '内部事务', '外来干涉', '管辖权', '民族尊严', '正义斗争', '海洋权益', '台澎金马', '互不侵犯', '治权', '领土', '承担义务', '内政', '干涉内政', '民族自决权', '自决权', '说三道四', '互不干涉']","['恐怖活动', '恐怖组织', '暴力行动', '恐怖行动', '恐怖袭击', '共同行动', '扫毒', '反美', '原教旨主义', '挑衅', '洗钱', '破坏活动', '挑衅性', '暴力犯罪', '圣战', '劫机', '反伊', '暴力行为', '反恐怖', '一小撮']"
1997,"['不抱', '论调', '虚无主义', '疏离', '傲慢', '嘲弄', '借题发挥', '暴富', '偏颇', '别有用心', '性别歧视', '凡此种种', '低级趣味', '曲解', '站不住脚', '政客', '盲目崇拜', '以偏概全', '荒谬', '作怪']","['奴役', '凌辱', '宰割', '蹂躏', '封建统治', '欺侮', '受尽', '压迫', '压榨', '外敌', '任人宰割', '奔走呼号', '残暴', '贫弱', '外侮', '血腥', '列强', '英勇斗争', '农奴主', '暴政']","['肺结核', '心脑血管', '淋巴', '肝癌', '癫痫', '肝炎', '多发病', '冠心病', '肾脏', '妇科', '病症', '乳腺癌', '骨质增生', '痴呆', '恶性肿瘤', '先天性', '精神分裂症', '弱视', '乙肝', '患有']","['深重', '世界大战', '折磨', '病痛', '摧残', '浩劫', '医治', '肉体上', '战乱', '饱尝', '惨重', '忍受着', '灭顶之灾', '雷击', '十年内乱', '精神负担', '中受', '灾难', '窒息', '十年浩劫']","['台独', '分裂主义', '势力', '图谋', '一中一台', '分治', '同流合污', '藏独', '昂岛', '达赖喇嘛', '阴谋活动', '达赖', '煽动', '儒昂岛', '台湾独立', '罪恶行径', '阴谋', '分离主义', '不得人心', '台湾岛']","['顽固派', '暴政', '悍然', '镇压', '蓄意', '反共', '阴谋活动', '颠覆', '武装侵略', '独裁统治', '叛乱', '残暴', '矛头', '反动派', '侵略战争', '妄图', '法西斯', '卖国', '分裂主义', '倒行逆施']","['领土完整', '国家主权', '领土', '承担义务', '海洋权益', '民族尊严', '治权', '互不侵犯', '独立国家', '领海', '内政', '内部事务', '原则立场', '尼泊尔政府', '正义斗争', '管辖权', '自决', '主持正义', '干涉内政', '租借地']","['恐怖活动', '恐怖', '暴力行为', '反恐怖', '极端主义', '极端派', '越境', '挑衅', '采取任何', '滥伤', '恐怖组织', '暴力行动', '顽固立场', '核扩散', '敌对行动', '极端分子', '行径', '颠覆', '种族歧视', '分离主义']"
1998,"['强加于人', '相对主义', '政客', '偏执', '形而上学', '教条式', '狭隘', '仇视', '陈腐', '西化', '民族压迫', '颐指气使', '虚伪', '盲从', '守旧', '谬论', '低级趣味', '礼教', '保守主义', '拒斥']","['屈辱', '列强', '任人宰割', '奴役', '铁蹄', '内忧外患', '灾难深重', '生灵涂炭', '民不聊生', '统治者', '政教合一', '蹂躏', '饱经忧患', '国难', '受尽', '山河破碎', '殖民', '压迫', '枷锁', '危亡']","['心血管', '该病', '更年期', '肾病', '心脑血管病', '三叉神经痛', '类风湿', '脑瘫', '心脑血管', '脑萎缩', '高血压', '肥胖病', '重症', '携带者', '肺癌', '肝病', '病毒感染', '白血病', '内科', '血友病']","['偏瘫', '白血病', '后遗症', '关节炎', '脏器', '脊椎', '治愈', '肺病', '脑神经', '摧残', '中风', '患上', '脑血管', '绝症', '病毒性', '损伤', '癫痫', '肺结核', '弱智', '截肢']","['台独', '图谋', '分裂主义', '正义斗争', '一中一台', '极端主义', '妄图', '势力', '颠覆', '阴谋', '民族压迫', '独裁', '达赖', '种族主义', '张国焘', '原教旨主义', '敌对势力', '顽固立场', '挑衅', '干涉']","['妄图', '颠覆', '倒行逆施', '策动', '张国焘', '独裁', '谋杀', '卖国', '军国主义者', '图谋', '极端主义', '政变', '亲日派', '惨无人道', '极端分子', '招魂', '悍然', '托派', '刺杀', '残暴']","['领土完整', '民族尊严', '内部事务', '国家主权', '马尔维纳斯群岛', '原则立场', '内政', '承担义务', '干涉内政', '互不侵犯', '一切权利', '伊对', '外来干涉', '海洋权益', '当事国', '互不干涉', '合法政府', '分治', '他国', '核国家']","['恐怖活动', '挑衅', '恐怖行动', '极端主义', '分裂主义', '恐怖组织', '恐怖分子', '毒品走私', '核扩散', '敌对势力', '恐怖', '地区冲突', '激进分子', '原教旨主义', '极端分子', '嚣张', '新纳粹', '分化瓦解', '库尔德', '恐怖集团']"
1999,"['仁慈', '利己主义', '根深蒂固', '奇谈怪论', '个人崇拜', '鄙视', '封建思想', '神秘主义', '低级趣味', '专断', '形而上学', '乘虚而入', '偏颇', '个人主义', '成见', '教条主义', '恶毒', '仇视', '错觉', '自大']","['凌辱', '受尽', '宰割', '蹂躏', '奴役', '欺辱', '受压迫', '压迫', '列强', '任人宰割', '饱受', '被压迫', '灾难深重', '铁蹄', '危亡', '屈辱', '官僚资本主义', '创巨痛深', '外族', '欺侮']","['收治', '重症', '尿毒症', '心肌梗塞', '患病', '高血压', '脑血管', '糖尿病', '精神分裂症', '白血病', '新生儿', '帕金森氏', '冠心病', '肺结核', '急性', '脑出血', '心绞痛', '肾脏', '脑炎', '患']","['肾脏', '肾病', '脑血管', '心肌梗塞', '截瘫', '器官移植', '冠心病', '缺血性', '愈合', '外伤性', '弹道学', '心脑血管', '心血管', '肝硬化', '肾功能', '口腔', '肝脏', '帕金森病', '脑出血', '白血病']","['李登辉', '台独', '图谋', '倒行逆施', '妄图', '分裂主义', '两国论', '言论', '势力', '玩火', '司马昭之心', '民族败类', '玩火自焚', '一中一台', '阴谋', '蓄意', '险恶用心', '数典忘祖', '狼子野心', '谬论']","['昭然若揭', '险恶用心', '反动势力', '之流', '狼子野心', '美帝国主义', '倒行逆施', '蓄谋已久', '无耻', '妄图', '玩火自焚', '数典忘祖', '玩火', '得逞', '鼓噪', '丑恶嘴脸', '民族败类', '武装侵略', '发动战争', '叛国']","['领土完整', '国家主权', '领土', '内部事务', '独立国家', '民族尊严', '正义斗争', '钓鱼岛', '内政', '干涉内政', '神圣不可', '国际公法', '法理', '外来干涉', '它国', '自决', '海洋权益', '恶劣行径', '民族利益', '无可争辩']","['极端主义', '恐怖活动', '分裂主义', '分离主义', '反恐怖', '破坏活动', '杀伤性', '原教旨主义', '恐怖分子', '匪帮', '颠覆', '暴力行动', '发动战争', '种族灭绝', '叛国', '核扩散', '恐怖行动', '匪徒', '敌对', '毒品走私']"
2000,"['无知', '隔膜', '憎恶', '误解', '偏执', '厌恶', '被教育者', '偏激', '疏离', '优越感', '根深蒂固', '盲从', '敬畏', '出自于', '仇视', '傲慢', '虚伪', '向钱看', '神秘主义', '中心主义']","['宰割', '外敌', '凌辱', '屈辱', '列强', '奴役', '半封建社会', '被压迫', '半殖民地', '苦难深重', '积贫积弱', '山河破碎', '欺侮', '饱经', '封建统治', '半封建', '专制', '仇视', '压迫', '沦落']","['危重', '颈椎病', '尿毒症', '风湿性', '心肌炎', '肺结核', '类风湿病', '胆囊结石', '风湿病', '哮喘病', '全身性', '白血病', '患有', '肝脏', '眼疾', '肝硬化', '中风', '患上', '急性', '生命垂危']","['愈合', '术后', '颅脑', '肝脏', '治愈', '医治', '危重', '胃肠', '白血病', '肺气肿', '重症', '并发症', '衰竭', '脊髓', '尿毒症', '疑难病症', '综合征', '出血热', '喉癌', '肾功能']","['台独', '图谋', '台湾独立', '分裂主义', '势力', '阴谋', '坐视不管', '妄图', '两国论', '倒行逆施', '李登辉', '谬论', '历史潮流', '一中一台', '坐视', '以拖待变', '祸教', '政治势力', '容许', '分离主义']","['罪恶行径', '政治势力', '妄图', '图谋', '煽风点火', '张目', '一意孤行', '险恶用心', '嘴脸', '入法', '妄想', '处心积虑', '阴谋活动', '一小撮', '诬蔑', '倒行逆施', '颠倒是非', '鼓噪', '蓄意', '制造事端']","['领土完整', '国家主权', '内部事务', '民族尊严', '领土', '自决', '神圣不可', '干涉内政', '独立国家', '东耶', '内政', '中国教会', '外来干涉', '民族自决权', '马尔维纳斯群岛', '前南', '承担义务', '正义斗争', '互不干涉', '互不侵犯']","['极端主义', '恐怖活动', '分裂主义', '分离主义', '恐怖', '恐怖行动', '高加索地区', '恐怖事件', '恐怖组织', '清剿', '杀伤性', '三股', '贩毒集团', '好战', '种族主义', '毒品走私', '排外主义', '恐怖分子', '越境', '邪恶势力']"
2001,"['仇视', '仇外', '被忽视', '摈弃', '思想意识', '陈腐', '嘲弄', '客观事实', '强权', '隔阂', '婚恋', '习惯势力', '狭隘', '男尊女卑', '唯我独尊', '诉求', '蔑视', '盲目崇拜', '物欲', '世俗']","['凌辱', '任人宰割', '蹂躏', '奴役', '欺辱', '积贫积弱', '宰割', '铁蹄', '四分五裂', '民不聊生', '屈辱', '官僚资本主义', '亡国灭种', '危亡', '压迫', '统治者', '羁绊', '被压迫', '民族压迫', '生灵涂炭']","['白血病', '肺结核', '重症', '耳聋', '患病', '皮肤病', '肥胖症', '老年病', '收治', '疥疮', '帕金森氏症', '高血压病', '肝癌', '心脏外科', '心脑血管', '病患者', '不孕症', '先天性', '脑中风', '脑梗塞']","['后遗症', '深重', '内乱', '浩劫', '医治', '蹂躏', '无谓', '大灾难', '仍受', '恶果', '饥馑', '无法弥补', '劫难', '病痛', '自然选择', '疾患', '折磨', '残杀', '畸变', '小儿麻痹']","['图谋', '台独', '一中一台', '台湾独立', '两国论', '势力', '妄图', '破坏活动', '阴谋', '藏独', '马前卒', '武拒统', '达赖', '倒行逆施', '走狗', '险恶用心', '敌视', '造势', '政治势力', '鼓噪']","['妄图', '蓄谋已久', '倒行逆施', '走狗', '丑恶嘴脸', '军国主义者', '马前卒', '一小撮', '卑劣', '张目', '蓄意', '谬论', '卖身投靠', '极右', '诬蔑', '藏独', '鼓噪', '罪恶行径', '政治阴谋', '皇国']","['领土完整', '国家主权', '独立国家', '民族尊严', '外来干涉', '正义斗争', '收复失地', '领土', '互不侵犯', '接受国', '内部事务', '失地', '正义事业', '戈兰高地', '内政', '对格', '黄岩岛', '沿岸国', '互不干涉', '自决权']","['反恐', '极端主义', '反恐怖', '恐怖活动', '东突', '分裂主义', '恐怖行动', '三股', '确凿证据', '国际联盟', '生化武器', '毒品走私', '恐怖组织', '扩大化', '暴力行动', '巴方则', '恐怖分子', '内同', '恐怖', '袭以']"
2002,"['误解', '低级趣味', '客观存在', '偏颇', '傲慢', '自我标榜', '仇视', '无知', '本性', '狂妄', '侮辱性', '封建思想', '荒谬', '失当', '功利', '有失', '自私', '不甚了解', '盲目崇拜', '不信任感']","['受尽', '任人宰割', '生灵涂炭', '言喻', '惨无人道', '羸弱', '猜忌', '凄风苦雨', '封建时代', '疗治', '鸿雁传书', '不甘寂寞', '匪患', '绝情', '孤苦伶仃', '潦倒', '遭逢', '亡国灭种', '困厄', '纷扰']","['皮肤病', '风湿性', '截瘫', '先天性', '疑似', '高血压', '肾病', '中风', '重症', '心肌梗塞', '尿毒症', '慢性病', '精神疾病', '外伤', '肺结核病', '妇产科', '颈椎病', '患有', '克雅氏症', '因患']","['医治', '后遗症', '深重', '免疫系统', '排异', '衰竭', '危在旦夕', '疾患', '躯体', '恐惧', '无法估量', '宝贵时间', '旷日持久', '器质性', '灾难性', '愈合', '灾祸', '瘟疫', '全面战争', '免遭']","['图谋', '台独', '势力', '妄图', '谬论', '行径', '阴谋', '渐进式', '一小撮', '气焰', '不得人心', '倒行逆施', '一中一台', '公投', '企图', '鼓吹', '蓄谋已久', '台湾独立', '陈水扁', '悬崖勒马']","['得逞', '倒行逆施', '杀戮', '之流', '蓄谋已久', '暴行', '卖国', '彻头彻尾', '一小撮', '玩火', '罪恶行径', '坐视', '不得人心', '险恶用心', '回击', '张目', '叫嚣', '造谣', '走卒', '邪恶势力']","['领土完整', '国家主权', '民族尊严', '南为', '互不侵犯', '马尔维纳斯群岛', '马为', '正义事业', '独立国家', '乌为', '一贯主张', '海洋权益', '独岛', '内部事务', '无核区', '内政', '生存权', '正义斗争', '领土', '互不干涉']","['极端主义', '分裂主义', '恐怖活动', '恐怖', '东突', '核扩散', '贩卖人口', '分离主义', '打恐', '三股', '反恐', '恐怖行动', '根除', '教派主义', '反毒', '恐怖组织', '越境', '确凿证据', '军备竞赛', '邪恶势力']"
2003,"['狭隘', '成见', '错误认识', '自私', '偏激', '猜疑', '习惯势力', '以邻为壑', '怂恿', '隔阂', '陈旧观念', '愚昧无知', '优越感', '疏远', '种族歧视', '条条框框', '不尽一致', '鄙视', '无知', '盲从']","['山河破碎', '铁蹄', '弱肉强食', '眷顾', '一个亿万', '永难', '自大', '凌辱', '穷兵黩武', '由此观之', '这一以', '吁求', '年深日久', '逃避现实', '纷杂', '土是', '对贝', '统治集团', '专制主义', '贪得无厌']","['进行性', '淋病', '躁狂', '先天性', '精神疾病', '表面抗原', '罹患', '眼病', '麻风病', '肺病', '梅毒', '骨关节炎', '肾衰竭', '耳聋', '白血病', '肾癌', '食道癌', '所患', '胰腺炎', '前列腺炎']","['愈合', '恐非', '遗传性', '窘迫', '伤痛', '肌', '并发症', '骨关节炎', '恐惧感', '癌变', '脑部', '肾功能', '失眠症', '呼吸衰竭', '心衰', '药源性', '高血糖', '肝硬化', '贫血', '肥胖症']","['台独', '图谋', '台湾独立', '势力', '一中一台', '妄图', '阴谋', '挑衅', '行径', '反华', '不得人心', '两国论', '制宪', '渐进式', '公投', '顽固', '防卫性', '挑拨', '罪恶行径', '一小撮']","['反华', '污蔑', '一小撮', '杀戮', '卑鄙', '反古', '策动', '妄图', '挫败', '侵略军', '种族主义', '图谋', '现政权', '回击', '激进分子', '和平演变', '挑衅', '残暴', '挑衅性', '仇视']","['领土完整', '民族尊严', '国家主权', '合法政府', '交还给', '独立国家', '生存权', '正义事业', '领土', '内部事务', '图兹拉岛', '无可争辩', '巴勒斯坦国', '尊重人权', '民族利益', '正义斗争', '恢复主权', '治伊', '行使主权', '内政']","['分裂主义', '极端主义', '恐怖活动', '核扩散', '犹太主义', '贩卖人口', '反毒', '霸权主义', '三股', '地区冲突', '核战争', '公敌', '东突', '恐怖组织', '消极态度', '军备竞赛', '原教旨主义', '极端分子', '激进分子', '卑鄙']"
2004,"['不怀', '无知', '敌意', '本本主义', '仇富', '托词', '非理性', '虚荣心', '仇视', '错误认识', '全盘否定', '人本主义', '情绪化', '对土', '唯心主义', '愚昧无知', '陈规陋习', '猎奇', '轻蔑', '任何事物']","['欺压', '半封建', '半封建社会', '奴役', '蹂躏', '战祸', '积弱积贫', '宗主国', '犹太民族', '积贫积弱', '反动势力', '列强', '半殖民地', '地主阶级', '深重', '生灵涂炭', '弱肉强食', '农奴制度', '愈来愈多', '憎恨']","['心理治疗', '难治性', '先心病', '不孕', '妇科疾病', '重症', '老年痴呆', '收治', '脑血管病', '精索', '精神科', '红斑狼疮', '先天性', '原发性', '脑瘫', '慢性病', '神经科', '助视器', '前列腺', '妇科病']","['中风', '灵丹', '后患', '后遗症', '免疫性', '失语', '脑血管病', '神经纤维', '疗治', '偏瘫', '缺血', '口腔疾病', '痴呆症', '肺气肿', '后失', '抚平', '胰腺', '蹂躏', '并发症', '深重']","['台独', '台湾独立', '挑衅', '阴谋活动', '罪恶行径', '当权者', '两国论', '达赖', '图谋', '一国论', '险恶用心', '不得人心', '沆瀣一气', '胆敢', '反朝', '行径', '妄图', '外来干涉', '一小撮', '反共']","['罪恶行径', '惨无人道', '不肖子孙', '口实', '挫败', '阴谋活动', '胆敢', '蓄谋已久', '不得人心', '宪改', '马斯哈多夫', '剪除', '图谋', '一小撮', '使朝', '变本加厉', '爱尔兰共和军', '险恶用心', '行径', '锐利武器']","['领土完整', '国家主权', '无可争辩', '开罗宣言', '民族尊严', '内部事务', '正义斗争', '达赖', '海洋权益', '武装挑衅', '一贯主张', '容许', '关系法', '互不侵犯', '治伊', '阿布哈兹', '未定论', '自卫权', '售台', '恢复主权']","['极端主义', '三股', '分裂主义', '分离主义', '吉尔吉斯斯坦共和国', '贩卖人口', '受到谴责', '强权政治', '外来干涉', '恐怖活动', '叛国', '不能根除', '中亚地区', '除恶务尽', '东突', '下愿', '非传统', '恐怖组织', '麻醉品', '海盗']"
2005,"['不怀', '作祟', '逆反心理', '误解', '偏激', '作怪', '鄙视', '模糊认识', '猜疑', '偏执', '冷漠', '疏远', '错误观念', '更不应', '自私', '偏颇', '隔膜', '学术腐败', '全盘西化', '放任']","['凌辱', '欺压', '割地赔款', '蹂躏', '宰割', '被压迫', '生灵涂炭', '列强', '欺侮', '积贫积弱', '奴役', '腐败无能', '任人宰割', '内忧外患', '屈辱', '官僚资本主义', '殖民主义者', '非正义', '半殖民地', '封建主义']","['肺结核病', '孕妇', '重症', '唇腭裂', '危重', '先天性', '脑瘫', '麻风', '痴呆', '胃癌', '余例', '老年痴呆症', '患儿', '肝癌', '活动性', '脑血管', '脑血栓', '慢性病', '风湿性', '病残']","['愈合', '伤痛', '内伤', '精神创伤', '摧残', '后遗症', '抚平', '忍受着', '疾患', '人祸', '脑损伤', '深重', '梦魇', '罪孽', '惨祸', '肉体上', '免疫系统', '戕害', '瘟疫', '灾难性']","['台独', '势力', '图谋', '台湾独立', '党纲', '台海', '一中一台', '外来干涉', '顽固', '容许', '两国论', '分裂主义', '处心积虑', '制宪', '紧张局势', '行径', '反华', '破坏活动', '惶恐不安', '倒行逆施']","['罪恶行径', '戳穿', '极右', '倒行逆施', '暴政', '诬蔑', '殖民主义者', '滥杀无辜', '瓦解', '悍然', '恶行', '一小撮', '令人发指', '自存', '欺压', '狂妄', '妄图', '罪大恶极', '处决', '非正义']","['领土完整', '互不侵犯', '国家主权', '自决权', '自决', '领土', '内政', '他国', '互不干涉', '神圣不可', '干涉内政', '内部事务', '民族自决权', '国内法', '肯尼亚政府', '由全', '民族尊严', '吉方为', '民族自决', '承担义务']","['极端主义', '分裂主义', '三股', '恐怖活动', '强权政治', '霸权主义', '核威胁', '军备竞赛', '地区冲突', '核扩散', '反犹主义', '贩卖人口', '反核', '杀伤性', '恐怖', '武器化', '东突', '破坏活动', '克隆人', '种族歧视']"
2006,"['蔑视', '仇视', '隔膜', '指手画脚', '焦虑', '歧见', '自大', '疏离', '鼓噪', '仇恨', '无知', '从众', '滋长', '物欲', '文化差异', '极个别', '短视', '产生误解', '妖魔化', '偏执']","['蹂躏', '欺侮', '饱经', '屈辱', '列强', '欺压', '奴役', '外族', '封建制度', '恶邻', '四万万', '苦痛', '统治者', '玻利尼', '凌辱', '坚船利炮', '唾弃', '沦入', '衰微', '民不聊生']","['疑难重症', '先天性', '筛查', '肝病', '胃肠', '乳腺癌', '丙肝', '危重', '患有', '脑中风', '脑卒中', '感染性', '癫痫', '慢性病', '肾移植', '重症', '肝硬化', '哮喘病', '医源性', '脏器']","['精神痛苦', '脑中风', '性疾病', '粒细胞', '达于', '并发症', '后遗症', '疾患', '病患', '心肌', '耐药性', '免疫系统', '排异', '呼吸系统', '肺', '罹患', '消化系统', '肝硬化', '肾衰', '灾难性']","['台独', '势力', '台海', '冒险性', '图谋', '台湾独立', '两国论', '一中一台', '遭致', '挑衅', '法理', '独裁', '行径', '霸权主义', '嚣张气焰', '倒行逆施', '公投', '险恶用心', '宪改', '售台']","['炸机', '暗杀', '反叛', '吞并', '暴行', '报复', '极端分子', '强硬派', '图谋', '屠杀', '妄图', '煽动', '挑动', '军事政变', '巴萨耶夫', '要犯', '暴政', '严辞', '发动战争', '残暴']","['领土完整', '国家主权', '民族尊严', '互不侵犯', '领土', '互不干涉', '内部事务', '海洋权益', '干涉内政', '内政', '国际法', '巴勒斯坦国', '巴解组织', '乌在', '主持正义', '让渡', '原则立场', '合法权利', '钓鱼岛', '希腊族']","['极端主义', '恐怖活动', '分裂主义', '三股', '杀伤性', '东突', '生化武器', '霸权主义', '强权政治', '破坏活动', '分离主义', '恐怖组织', '毒品走私', '北高加索地区', '反毒', '恐怖', '贩卖人口', '核扩散', '种族主义', '核裁军']"
2007,"['根深蒂固', '习惯势力', '成见', '猜疑', '说三道四', '偏颇', '疏离', '贬低', '混为一谈', '难以克服', '仇视', '奴隶制', '无知', '蔑视', '产生矛盾', '劣迹', '自私', '讳疾忌医', '种族问题', '盲从']","['积贫积弱', '奴役', '列强', '外敌', '帝制', '屈辱', '蹂躏', '侵略', '危亡', '民不聊生', '外族', '官僚资本主义', '受尽', '犹太民族', '浩劫', '军国主义', '铁蹄', '半封建社会', '军国主义者', '犯下']","['重症', '急症', '尿毒症', '访视', '先天性', '眼病', '肺结核', '风湿性', '疑难病症', '心肌梗塞', '上呼吸道', '腭裂', '肺气肿', '危重', '心脑血管病', '关节炎', '胆结石', '急性', '风心病', '呼吸系统']","['抚平', '惨重', '深重', '上受', '十年浩劫', '已因', '民不聊生', '精神压力', '毁灭性', '不满情绪', '恶果', '无辜者', '压迫', '两败俱伤', '痛楚', '负面效应', '灾祸', '厌恶', '奴役', '中受']","['台独', '势力', '反华', '图谋', '宪改', '为谋', '猖狂', '台海', '法理', '挑衅', '变本加厉', '台湾独立', '行径', '罪恶行径', '外来干涉', '妄图', '挑动', '处心积虑', '破坏活动', '藏独']","['妄图', '为谋', '倒行逆施', '右派', '残暴', '反动派', '铁蹄', '猖狂', '蹂躏', '受尽', '出兵', '反共', '独裁', '军国主义者', '反动', '官僚资本主义', '奴役', '营垒', '惨无人道', '帝国主义']","['领土完整', '外来干涉', '领土', '互不侵犯', '互不干涉', '独立国家', '无可争辩', '内政', '国家主权', '干涉内政', '马岛', '不结盟', '领海', '正义斗争', '缔约', '海洋权益', '正当要求', '代表权', '巴方为', '内部事务']","['极端主义', '分裂主义', '核扩散', '恐怖活动', '武器化', '邪恶轴心', '杀伤性', '种族主义', '破坏活动', '毒品走私', '核不扩散', '杀人罪', '外空', '分离主义', '三股', '单边主义', '恐怖组织', '原教旨主义', '相威胁', '敌对势力']"
2008,"['傲慢', '无知', '成见', '产生误解', '敌意', '误解', '隔阂', '狂妄', '无端', '新闻自由', '丑化', '有色眼镜', '卑劣', '偏颇', '虚伪', '虚伪性', '谩骂', '言论自由', '别有用心', '污蔑']","['封建统治', '奴役', '列强', '民不聊生', '民族矛盾', '民生凋敝', '统治集团', '受尽', '摧残', '过太多', '饱经', '被压迫', '悲惨', '作威作福', '挑动', '蹂躏', '外敌', '腐朽没落', '衰微', '大家族']","['妇科疾病', '恶性肿瘤', '心脑血管', '轻症', '肝炎', '骨关节', '职业病', '心梗', '精神分裂症', '心脑血管病', '冠心病', '精神疾病', '病因', '癫痫', '急症', '破伤风', '靶向', '慢性', '病毒性', '消化道']","['疾患', '应激', '慢性', '军中', '颅脑', '抚慰', '恐惧心理', '抚平', '病痛', '创痛', '机能', '脑水肿', '脊髓', '心理压力', '医治', '心理障碍', '后遗症', '脑', '奥斯威辛', '抗药性']","['图谋', '台独', '破坏活动', '分裂主义', '阴谋', '煽动', '真面目', '罪恶行径', '势力', '流亡者', '挑拨', '反华', '策动', '妄图', '反动', '台湾独立', '渗透颠覆', '险恶用心', '不得人心', '非暴力']","['背叛', '策动', '暴力手段', '罪恶行径', '分裂主义', '险恶用心', '真面目', '妄图', '反动集团', '破坏活动', '欺世盗名', '诬称', '残暴', '捣乱', '恶劣行径', '文字游戏', '图谋', '镇压', '暗杀', '密谋策划']","['领土完整', '国家主权', '内部事务', '互不侵犯', '领土', '外来干涉', '巴方为', '独立国家', '互不干涉', '武装侵略', '干涉内政', '内政', '无可争辩', '主权国家', '原则立场', '核不扩散', '正义斗争', '谨电', '五项原则', '否决权']","['极端主义', '对巴方', '三股', '毒品走私', '东突', '分离主义', '恐怖组织', '军备竞赛', '武器化', '防扩散', '霸权主义', '恐怖分子', '核扩散', '贩卖毒品', '关系网', '极端分子', '核不扩散', '台湾独立', '能源危机', '强权政治']"
2009,"['偏激', '歪曲事实', '敌意', '片面性', '成见', '事实根据', '片面化', '歧见', '偏颇', '教条主义', '客观事实', '虚伪', '政治化', '尊重事实', '无端指责', '表面化', '偏执', '隔膜', '傲慢', '误解']","['屡受', '奴役', '凌辱', '悲惨', '蹂躏', '半封建社会', '丧权辱国', '屡遭', '亡国灭种', '封建统治', '被压迫', '仇视', '摧残', '民族压迫', '屈辱', '统治阶级', '受压迫', '军阀割据', '声讨', '欺侮']","['先天性', '脑瘫', '恶性肿瘤', '产妇', '呼吸系统', '重性', '眼病', '皮肤病', '肾病', '精神疾病', '康复者', '中风', '肥胖者', '食道癌', '监护室', '智残', '肌无力', '唇腭裂', '阻塞性', '急诊科']","['抚平', '伤痛', '愈合', '煎熬', '抚慰', '映秀人', '疗伤', '巨大损失', '医治', '病魔', '脊柱', '躯体', '后遗症', '苦痛', '丧亲', '击垮', '眼疾', '慰藉', '股骨头', '高原病']","['图谋', '势力', '破坏活动', '险恶用心', '敌对势力', '制造事端', '妄图', '分裂主义', '台独', '动乱', '三股', '疆独', '相勾结', '藏独', '事端', '反动势力', '亲帝', '倒行逆施', '分子热', '行径']","['妄图', '反动势力', '破坏活动', '倒行逆施', '相勾结', '制造事端', '图谋', '行径', '分裂主义', '反动分子', '诬蔑', '敌对势力', '一小撮', '事端', '疆独', '污蔑', '滥杀无辜', '悍然', '罪恶', '丧心病狂']","['领土完整', '无可争辩', '自决权', '领土', '南沙群岛', '主权国家', '互不干涉', '国家主权', '巴勒斯坦国', '黄岩岛', '内政', '涉疆', '未定论', '内部事务', '干涉内政', '祭品', '东突厥', '合法政府', '当事国', '民族尊严']","['极端主义', '杀伤性', '毒品走私', '核扩散', '分裂主义', '恐怖组织', '贩毒', '地区冲突', '反毒', '恐怖活动', '轻小', '拐卖人口', '东伊运', '南亚地区', '维护和平', '三股', '朝核', '核不扩散', '非洲之角', '强权政治']"
2010,"['成见', '挑拨', '敌意', '偏执', '傲慢', '误解', '隔阂', '强权', '断章取义', '中心论', '敌视', '根深蒂固', '优越感', '别有用心', '隔膜', '猜疑', '无知', '虚无主义', '混淆是非', '吹捧']","['奴役', '受尽', '蹂躏', '农奴制度', '外族', '罪恶', '列强', '封建统治', '奇耻大辱', '屈辱', '任人宰割', '流人', '受压迫', '惨无人道', '亲帝', '批斗', '反抗', '婚姻制度', '四分五裂', '反革命']","['尿毒症', '肝病', '脑中风', '妇科病', '肌无力', '合对', '唇腭裂', '接生', '先天性', '肝硬化', '肺结核', '绝症', '曾患', '尿症', '精神疾病', '眼疾', '体弱', '肾结石', '精神病人', '肺气肿']","['抚平', '伤痛', '愈合', '伤痕', '烧伤', '大灾难', '忍受着', '心肌梗塞', '病痛', '脊髓', '疾患', '肺水肿', '劫难', '并发症', '血浆', '脑水肿', '试剂盒', '颌面', '脊柱', '脓']","['破坏活动', '反华', '势力', '揭批', '分裂主义', '反动', '图谋', '台独', '敌对势力', '划清界线', '割据', '达赖', '藏独', '严重错误', '民族矛盾', '动乱', '极端主义', '策动', '军国主义', '农奴主']","['蓄意', '哥伦比亚革命武装力量', '先发制人', '全面战争', '挑衅', '军国主义', '暗杀', '独裁统治', '险恶用心', '激进分子', '非法行为', '图谋', '军事挑衅', '俘虏', '侵略战争', '发动战争', '行径', '暴行', '唆使', '反华']","['国家主权', '领土完整', '无可争辩', '自决权', '福克兰群岛', '叙为', '海洋权益', '南欧国家', '英美两国', '领土', '外来干涉', '超国家', '主权国家', '债权人', '不结盟', '债权国', '对委', '欧猪', '欧洲中央银行', '马尔维纳斯群岛']","['极端主义', '分裂主义', '毒品走私', '剿灭', '核扩散', '恐怖活动', '海盗行为', '恐怖', '恐怖组织', '杀伤性', '三股', '东突', '赎金', '地区冲突', '东非国家', '精神药物', '贩运', '国际争端', '常规武器', '圣战']"
2011,"['无知', '仇视', '成见', '功利主义', '不信任感', '优越感', '说三道四', '情绪化', '利己主义', '嘲笑', '原罪', '非议', '厌恶', '文化差异', '偏激', '先入为主', '时弊', '忍让', '中心主义', '误读']","['封建统治', '奴役', '任人宰割', '半封建社会', '步步进逼', '亡国灭种', '饥寒交迫', '积贫积弱', '国弱', '山河破碎', '内忧外患', '民不聊生', '凌辱', '内受', '灾难深重', '蹂躏', '屈辱', '再受', '封建主义', '沉沦']","['重性', '精神病人', '精神疾病', '终末期', '罹患', '精神障碍', '冠心病', '乙型', '心肌梗死', '肇祸', '血友病', '原发性', '收治', '肥胖症', '心律失常', '肾病', '慢性', '早幼', '肺结核病', '粒细胞']","['应激', '脏器', '衰竭', '脊髓', '肝病', '颅脑', '肾脏病', '抚平', '血液病', '脊柱', '早幼', '粒细胞', '损伤', '肺水肿', '高原病', '坏死', '肾衰', '综合征', '心肌梗死', '并发症']","['台独', '反华', '亲帝', '势力', '藏独', '破坏活动', '分裂主义', '罪恶行径', '挑拨', '图谋', '动乱', '阴谋', '流亡者', '敌对势力', '渗透颠覆', '侵略扩张', '独裁', '叛乱', '内乱', '教派']","['杀戮', '蓄意', '亲帝', '卖国', '反动集团', '叛国', '核讹诈', '妄图', '侵略扩张', '行径', '暴行', '分裂主义', '统治集团', '悍然', '图谋', '暗杀', '破坏活动', '极端分子', '侵略战争', '藏独']","['领土完整', '银行信用', '国家主权', '债务', '南欧国家', '俄对南', '标普给', '减记', '再响', '调降', '马岛', '债信', '无可争辩', '标普对', '押下', '普调', '财政危机', '斯方为', '雪球', '重债国']","['极端主义', '杀伤性', '分裂主义', '三股', '核扩散', '东突', '贩卖人口', '恐怖组织', '核不扩散', '公敌', '藏独', '坐大', '破坏活动', '毒品走私', '贩毒', '西非地区', '恐怖活动', '种族主义', '暴力行为', '军事冲突']"
2012,"['成见', '文化冲突', '傲慢', '隔阂', '猜疑', '颠倒黑白', '误解', '猜忌', '无知', '曲解', '仇视', '隔膜', '谬误', '阴暗面', '贬损', '异质', '敌意', '文化差异', '怨恨', '根深蒂固']","['欺辱', '一去不复返了', '凌辱', '欺侮', '残暴', '任人宰割', '摧残', '而令', '戕害', '仇视', '宰割', '蹂躏', '受尽', '悲剧性', '民不聊生', '坚船利炮', '憎恶', '憎恨', '最易', '显在']","['耐多药', '肾病', '不孕', '成瘾', '胃炎', '梅毒', '心脑血管病', '肌无力', '病史', '高血脂', '结肠癌', '眼病', '前列腺炎', '肾功能', '孕期', '恶性肿瘤', '支气管炎', '肺气肿', '老年性', '肾移植']","['颅脑', '后遗症', '急性期', '愈合', '并发症', '缺损', '胶质瘤', '癫痫', '脓毒症', '创面', '葡萄膜', '汗腺', '脊髓', '脑干', '下肢', '修补术', '医治', '衰竭', '眼病', '神经系统']","['势力', '反华', '动乱', '藏独', '煽动', '一小撮', '破坏活动', '阴谋', '捣乱', '分离主义', '渗透颠覆', '揭批', '煽风点火', '尖锐对立', '图谋', '极端分子', '制造事端', '仇恨', '敌对势力', '流血冲突']","['煽风点火', '极端分子', '杀戮', '胆敢', '暗杀', '图谋', '萨达姆', '车臣', '发动战争', '劫掠', '策动', '圣战', '雇佣兵', '使用暴力', '挫败', '阿美军', '自杀性', '分离主义', '一小撮', '黎巴嫩真主党']","['领土', '领土完整', '国家主权', '无可争辩', '民族尊严', '马尔维纳斯群岛', '巴勒斯坦国', '恶劣行径', '领土问题', '阿方为', '马岛', '外来干涉', '不持', '坐视', '干涉内政', '互不侵犯', '黄岩岛', '私相授受', '海洋权益', '内部事务']","['分裂主义', '极端主义', '三股', '东突', '毒品走私', '地区冲突', '核扩散', '网络色情', '东伊运', '反华', '恐怖活动', '贩卖人口', '恐怖组织', '破坏活动', '杀伤性', '偷渡', '藏独', '种族歧视', '劫掠', '种族灭绝']"
2013,"['成见', '傲慢', '刻板', '无知', '隔阂', '批评者', '狭隘', '门第', '保守主义', '盲从', '误解', '实用主义', '附庸', '批评界', '迷思', '揣测', '戒心', '狂妄', '避风头', '悲观失望']","['欺侮', '积贫积弱', '凌辱', '外族', '宰割', '山河破碎', '苦难深重', '四分五裂', '亡国灭种', '列强', '半封建', '屈辱', '饱经', '灾难深重', '民族意识', '蹂躏', '受压迫', '帝国主义', '半封建社会', '帝制']","['精神疾病', '尘肺病', '感染者', '精神分裂症', '误诊', '癫痫', '脊柱', '银屑病', '唐氏', '重性', '唇腭裂', '苯丙酮', '先天性', '性病', '抑郁症', '血友病', '尿症', '肺病', '老年痴呆', '肾病']","['愈合', '应激', '脑卒中', '颅脑', '癫痫', '脑积水', '脊柱', '染病', '创伤性', '恢复期', '生命垂危', '功能障碍', '身体虚弱', '牙周', '软组织', '神经系统', '重见光明', '肝癌', '并发症', '伤痛']","['图谋', '动乱', '妄图', '仇杀', '独裁', '反华', '派系', '反叛', '世俗化', '教派', '极端主义', '势力', '破坏活动', '民族矛盾', '搞乱', '阴谋', '俾路支', '一小撮', '分离主义', '种族主义']","['暴乱', '妄图', '一小撮', '武力威胁', '仇杀', '激进分子', '杀戮', '反叛', '滥杀无辜', '赶下台', '国用', '二次革命', '暗杀', '倒行逆施', '暴力行动', '现政权', '令人发指', '政变', '暴力手段', '密谋']","['领土完整', '领土', '无可争辩', '国家主权', '阿拉伯叙利亚共和国', '民族尊严', '直布罗陀', '独岛', '上不持', '南沙群岛', '愿向巴', '干涉内政', '海洋权益', '竹岛', '领空', '不选边', '领海', '马岛', '西英', '吞下']","['极端主义', '分裂主义', '三股', '东突', '毒品走私', '恐怖活动', '恐怖组织', '核扩散', '东伊运', '地区冲突', '杀伤性', '破坏活动', '军备竞赛', '博科', '武力威胁', '核威胁', '一小撮', '暴乱', '势力', '暴力手段']"
2014,"['成见', '傲慢', '猜疑', '敌意', '误解', '猜忌', '偏激', '隔阂', '妖魔化', '他者', '曲解', '根深蒂固', '偏执', '攻讦', '文化差异', '敌视', '迷思', '尔虞我诈', '符号化', '优越感']","['半殖民地', '半封建', '封建统治', '外族', '任人宰割', '列强', '积贫积弱', '亡国灭种', '封建主义', '清王朝', '半封建社会', '官僚资本主义', '兵燹', '奴役', '政治腐败', '欺侮', '屡战屡败', '屈辱', '蹂躏', '山河破碎']","['重性', '精神病人', '精神疾病', '肇祸', '先天性', '病患者', '孕产妇', '急症', '精神障碍', '初诊', '重症', '尿毒症', '多发病', '急危重症', '危重', '先心病', '不孕', '终末期', '癫痫', '心脏病']","['抚平', '愈合', '摧残', '伤痛', '粘连', '痊愈', '折磨', '疾患', '劫难', '衰竭', '并发症', '惨重', '新疗法', '生殖系统', '骤停', '视神经', '自体', '停跳', '功能障碍', '痛楚']","['反华', '分裂主义', '动乱', '藏独', '民族矛盾', '破坏活动', '敌对势力', '分离主义', '激进主义', '势力', '煽动', '阴谋', '宗派', '政教合一', '教派', '流亡者', '官僚资本主义', '图谋', '兴风作浪', '政治腐败']","['不得人心', '险恶用心', '法西斯主义', '种族主义', '激进主义', '卑劣', '一小撮', '鼓噪', '颠倒是非', '昭然若揭', '政治腐败', '歪理邪说', '兴风作浪', '颠倒黑白', '萨达姆', '惨无人道', '反以', '戳穿', '挑唆', '罪恶行径']","['领土完整', '领土', '国家主权', '互不侵犯', '海洋权益', '互不干涉', '马尔维纳斯群岛', '无可争辩', '声索', '上不持', '民族尊严', '内政', '干涉内政', '不持', '自决', '马岛', '管辖权', '自决权', '外来干涉', '主权国家']","['极端主义', '分裂主义', '三股', '恐怖活动', '恐怖', '核扩散', '贩卖人口', '独狼', '杀伤性', '青年党', '分离主义', '贩运', '东突', '地区冲突', '博科', '核威胁', '东伊运', '犯罪活动', '之弧', '军备竞赛']"
2015,"['成见', '陌生感', '恶意中伤', '毫无根据', '隔膜', '偏狭', '偏激', '误解', '根深蒂固', '傲慢', '关系恶化', '麻木不仁', '优越感', '敌视', '隔阂', '贬损', '猜疑', '敌意', '居心叵测', '异见']","['任人', '欺侮', '种族主义', '屈辱', '激进主义', '半封建社会', '闭关锁国', '专制主义', '屡遭', '积贫积弱', '殖民主义', '亡国灭种', '屡战屡败', '残酷性', '仇外', '仇视', '凌辱', '外族', '耻辱', '纳粹主义']","['精神病人', '可治', '眼疾', '精神疾病', '肝病', '重性', '病史', '结肠癌', '重残', '痛风', '认知障碍', '无药', '年老体弱', '唇腭裂', '弃婴', '癌痛', '脑血栓', '病残', '卧病', '癌']","['应激', '伤痛', '厄运', '无法弥补', '无药', '肉体', '深重', '抚平', '可治', '精神创伤', '肝病', '唇腭裂', '失血', '合并症', '转危为安', '视神经', '心肌梗死', '发育不良', '并发症', '创痛']","['破坏活动', '势力', '阻扰', '台独', '制造事端', '分裂主义', '东突', '倒行逆施', '图谋', '渗透颠覆', '动乱', '原教旨主义', '阴谋', '策动', '激进主义', '两派', '民粹主义', '罪恶行径', '叛国', '顽固派']","['速战速决', '顽固派', '策动', '军国主义者', '叛国', '悍然', '轴心国', '称霸世界', '打垮', '吞并', '反共', '图谋', '以战养战', '侵略扩张', '揭穿', '称霸全球', '纳粹主义', '政治势力', '妄图', '非正义']","['领土完整', '海洋权益', '国家主权', '领土', '互不侵犯', '正当合理', '民族自决', '债占', '干涉内政', '竹岛', '南海诸岛', '债务国', '互不干涉', '内部事务', '自决', '上不持', '独岛', '对菲', '领海', '肆意挑衅']","['极端主义', '分裂主义', '东突', '东伊运', '恐怖', '仇外', '破坏活动', '核扩散', '渗透颠覆', '三股', '反恐', '拐卖人口', '恐怖组织', '暴力行为', '原教旨主义', '贩卖人口', '恐怖活动', '激进主义', '霸权主义', '博科']"
2016,"['成见', '傲慢', '冒犯', '明里暗里', '妖魔化', '自恋', '敌意', '仇视', '怨恨', '他者', '歧义', '伪善', '种族歧视', '不公', '有意无意', '隔阂', '优越感', '偏执', '有色眼镜', '非西方']","['暴力行为', '施暴者', '暴力事件', '伤医', '暴力', '施暴', '校园', '暴力犯罪', '心理疾病', '性侵犯', '自残', '性骚扰', '霸凌', '恶性事件', '性侵', '拐卖', '气漫', '家庭暴力', '毒地', '涉医']","['重性', '终末期', '危重', '肾病', '收治', '精神障碍', '肺病', '脑卒中', '肺栓塞', '尿毒症', '食源性', '精神疾病', '癫痫', '外伤', '老年痴呆', '精神分裂症', '脑瘫', '住院治疗', '糖尿病足', '五官科']","['肝病', '脑部', '创面', '衰竭', '脊柱', '心理治疗', '乳房', '终末期', '病变', '预后', '脑中风', '败血症', '颌面', '病理', '糖尿病足', '救治', '摧残', '肝脏', '伤痛', '药物性']","['分裂主义', '台独', '势力', '外来干涉', '藏独', '悲剧重演', '台湾独立', '达赖', '政治势力', '独裁', '行径', '破坏活动', '教派', '纠集', '极右翼', '动乱', '港独', '官僚资本主义', '派系', '矛盾加深']","['独裁', '图谋', '张目', '发动战争', '流血事件', '现政府', '令人发指', '反动分子', '蓄意', '马前卒', '妄图', '翻案', '制造事端', '莫须有', '政治腐败', '政治势力', '悍然', '不得人心', '既成事实', '叛乱']","['领土', '领土完整', '海洋权益', '声索', '无可争辩', '国家主权', '巴勒斯坦国', '互不侵犯', '互不干涉', '正当合理', '内水', '上不持', '外来干涉', '可据', '领海', '行使主权', '下不受', '正当权利', '领土问题', '民族尊严']","['极端主义', '分裂主义', '东伊运', '恐怖', '坐大', '恐怖活动', '恐怖组织', '独狼', '地区冲突', '东突', '三股', '毒品走私', '松说', '跨国性', '核扩散', '几内亚湾', '分离主义', '独狼式', '恐怖事件', '贩运']"
2017,"['傲慢', '成见', '误读', '仇外', '无知', '排外', '偏激', '误解', '根深蒂固', '敌视', '新纳粹', '敌意', '政治思潮', '种族歧视', '排外主义', '文化差异', '种族主义者', '挑拨', '他者', '暧昧']","['暴力行为', '等案', '拐卖妇女', '性侵', '辱警', '涉罪', '虐童', '伤医', '性病', '性暴力', '涉医', '拐卖儿童', '任人', '死因', '自残', '霸凌', '暴力', '教唆', '情节恶劣', '医闹']","['重性', '先天性', '淋巴细胞', '血友病', '精神病人', '癫痫', '脑梗死', '精神障碍', '精神疾病', '肺气肿', '肾病', '肺结核', '中风', '脑瘫', '脑炎', '肾脏', '肌无力', '阻塞性', '结肠癌', '终末期']","['并发症', '肾脏', '内分泌', '疾患', '呼吸系统', '心理压力', '颅脑', '脑卒中', '肝病', '肝移植', '肾移植', '疟疾', '心血管', '愈合', '帕金森', '眼疾', '先心病', '视网膜', '肌无力', '麻醉']","['图谋', '台独', '反华', '台湾独立', '挑拨', '分离主义', '破坏活动', '藏独', '小集团', '行径', '民族压迫', '动乱', '一中一台', '悲剧重演', '排外主义', '霸权主义', '封建统治', '民族矛盾', '政治势力', '发动战争']","['令人发指', '萨达姆', '诬蔑', '张国焘', '皇民', '妄言', '分离主义', '翻案', '政变', '潜回', '图谋', '污蔑', '妄图', '滔天罪行', '纳粹', '反动派', '新纳粹', '汪精卫', '蓄谋已久', '顽固派']","['领土完整', '互不侵犯', '领土', '国家主权', '独岛', '互不干涉', '干涉内政', '海洋权益', '内部事务', '独立国家', '无可争辩', '正当合理', '上不持', '东耶路撒冷', '空间主权', '霸权主义', '神圣不可', '正义斗争', '难撼', '民族尊严']","['极端主义', '分裂主义', '恐怖组织', '三股', '恐怖活动', '分离主义', '阴魂不散', '国内安全', '难民潮', '核扩散', '地区冲突', '防扩散', '恐怖', '极端化', '东突', '仇视', '恐怖事件', '势力', '恐怖分子', '处死']"
2018,"['傲慢', '中国崛起', '成见', '臆想', '奇谈怪论', '偏颇', '误解', '误读', '混为一谈', '颠倒黑白', '刻板', '论者', '别有用心', '愚昧', '猜疑', '自以为是', '以偏概全', '曲解', '偏激', '客观事实']","['暴力事件', '伤医', '家暴', '拐卖妇女', '人身权利', '恐怖活动', '虐待', '侵', '沉迷', '暴力行为', '涉罪', '恐怖事件', '家庭暴力', '性侵', '抗法', '暴力', '性侵犯', '不法侵害', '拐卖', '恶性事件']","['精神疾病', '精神障碍', '脑出血', '重性', '终末期', '冠心病', '常见疾病', '癫痫', '精神分裂症', '风湿性', '脑卒中', '挂床', '食道癌', '误诊', '网瘾', '脑血栓', '脑瘤', '心理疾病', '高血脂', '猝死']","['应激', '抚平', '后遗症', '脊髓', '治愈', '呼吸道', '内分泌', '遗传性', '癫痫', '脑积水', '病毒感染', '发育不全', '衰竭', '功能障碍', '呼吸系统', '视网膜', '颅脑', '内膜', '危重', '退行性']","['台独', '反华', '图谋', '藏独', '势力', '破坏活动', '行径', '其咎', '敌对', '港独', '极化', '划清界限', '鼓噪', '妄图', '反俄', '分离主义', '挑拨', '煽动', '制造事端', '教派']","['痛斥', '反动派', '反共', '高官厚禄', '残暴', '侵略者', '反动', '拷打', '清王朝', '罪恶行径', '右派', '叛变', '屠杀', '迫害', '劝降', '杀戮', '严刑拷打', '顽固派', '反抗', '地主阶级']","['领土完整', '国家主权', '互不干涉', '互不侵犯', '干涉内政', '内部事务', '一贯主张', '当事国', '领土', '索方', '内政', '阿方为', '涉藏', '沿岸国', '巴勒斯坦国', '正当权益', '武装挑衅', '民族尊严', '正当权利', '千岛群岛']","['极端主义', '分裂主义', '三股', '恐怖', '东突', '毒品走私', '势力', '地区冲突', '分离主义', '东伊运', '破坏活动', '贩运', '极端化', '反华', '反间谍', '药物滥用', '犯罪活动', '拐卖人口', '麻醉药品', '极端分子']"
2019,"['傲慢', '无知', '根深蒂固', '伪善', '误读', '敌视', '有色眼镜', '中美间', '成见', '彻头彻尾', '嘴脸', '文明冲突论', '虚伪', '丑陋', '敌对', '鼓噪', '冷血', '谬论', '别有用心', '迷思']","['性侵犯', '蹂躏', '虐待', '罢课', '悲惨', '蒙受', '性骚扰', '性侵', '暴行', '连串', '拐卖妇女', '之害', '性行为', '不良信息', '仇视', '恐惧', '新闻自由', '两抢', '封建统治', '屈辱']","['粒细胞', '被申请人', '第九十五条', '丙肝', '阻肺', '种者', '保外就医', '对慢', '法布里', '行为能力', '阻塞性', '气管炎', '主诉', '提不出', '具结悔过', '寄生虫', '罪轻', '第九十八条', '外转', '受虐']","['心肌细胞', '环境因素', '贫血', '慢阻', '愈合', '危重', '特效药', '心肌', '传染', '功能障碍', '生长发育', '核辐射', '病程', '呼吸系统', '可治', '无药', '衰老', '无法弥补', '可逆', '人道']","['台独', '势力', '东突', '藏独', '反华', '图谋', '敌对势力', '嚣张气焰', '阴谋', '破坏活动', '挟洋', '分裂主义', '里应外合', '民族压迫', '东突厥', '诬蔑', '渗透活动', '搞乱', '粉身碎骨', '世达赖']","['以疆', '用心险恶', '嚣张气焰', '卖国', '昭然若揭', '倒行逆施', '居心叵测', '诬蔑', '挟洋', '图谋', '反中', '痴心妄想', '得逞', '制华', '必遭', '以一国', '滥杀无辜', '壮胆', '严重错误', '祸港']","['领土完整', '互不侵犯', '互不干涉', '巴勒斯坦国', '内除', '外争', '外来干涉', '正义斗争', '国贼', '国家主权', '领土', '内部事务', '干涉内政', '海洋权益', '民族尊严', '阿方为', '柬政府', '一贯主张', '当事国', '北方四岛']","['极端主义', '分裂主义', '温床', '极端化', '激进主义', '开脱', '恐怖活动', '牺牲品', '三股', '贩毒', '中国新疆地区', '东突', '毒品走私', '藏独', '恐怖', '嚣张气焰', '公敌', '网络攻击', '制造事端', '间谍']"
2020,"['傲慢', '借题发挥', '谬论', '狂妄', '算计', '抱持', '羞辱', '阴谋论', '居心叵测', '公理', '排外', '臆测', '偏执', '做派', '狭隘', '喋喋不休', '以势压人', '揭穿', '有百害而无一利', '威胁论']","['性骚扰', '人身攻击', '侵', '不良行为', '暴力行为', '故意伤害', '拐卖', '性侵犯', '打击报复', '第一百九十一条', '体罚', '邪教', '性侵', '唆使', '羞辱', '对性', '沉迷', '不法行为', '引诱', '强奸']","['支气管炎', '脑卒中', '心衰', '血症', '压疮', '肝炎', '肾功能', '哮喘', '帕胺片', '结膜炎', '帕金森', '心功能', '上呼吸道', '吲达', '白血病', '髓系', '肝肾', '高血脂', '溃疡', '气胸']","['朱凤雪', '肾脏', '内镜', '胸痛', '肝脏', '心功能', '脑卒中', '呼吸系统', '精神科', '急危重症', '脑血管病', '衰竭', '肾功能', '胃肠', '康复科', '北京大学人民医院', '血液病', '心肌梗死', '脾胃', '疑难重症']","['台独', '势力', '颠覆', '敌对势力', '嚣张气焰', '制造事端', '渗透颠覆', '乱港', '港独', '破坏活动', '勾结', '胆敢', '动乱', '挟洋', '反华', '叛乱', '激进', '相勾结', '反中乱', '妄想']","['之词', '乘人之危', '祸心', '痴心妄想', '所为', '不值一驳', '一中一台', '发难', '陷害', '扣帽子', '臆测', '唱衰', '封建主义', '铁的事实', '祸', '枉费心机', '聒噪', '妄想', '丑恶嘴脸', '挑事']","['领土完整', '海洋权益', '互不侵犯', '领土', '阿拉伯叙利亚共和国', '干涉内政', '互不干涉', '声索', '巴勒斯坦国', '国家主权', '主权国家', '民族尊严', '正当行为', '不容置疑', '豁免权', '内政', '正当权利', '行使主权', '保卫国家', '丝毫无损']","['极端主义', '分裂主义', '以毒', '资恐', '极右翼', '猖獗', '恐怖组织', '生乱', '网络攻击', '地区冲突', '排外主义', '列名', '恐怖袭击', '打击', '黑帮', '非法活动', '排外', '恐袭', '反恐', '独狼式']"
2021,"['傲慢', '赤裸裸', '自私', '蔑视', '倒打一耙', '根深蒂固', '妄加', '抱持', '不抱', '双重标准', '怪象', '蒙蔽', '冷血', '混淆视听', '以失', '武断', '公理', '攻讦', '编造谎言', '霸道']","['任人宰割', '饱受', '一去不复返了', '被动挨打', '性骚扰', '悲惨', '受人', '受压迫', '奴役', '成瘾', '凌辱', '校规', '窃密', '蒙受', '深重', '半殖民地', '三俗', '蒙尘', '名誉权', '屈辱']","['重残', '终末期', '偏瘫', '肾功能', '肾脏', '脑梗塞', '阻塞性', '高脂血症', '留守人员', '急慢性', '单亲', '高血脂', '脑瘫', '功能障碍', '脑中风', '消化道', '老年性痴呆', '心肌梗死', '两病', '高血糖']","['呼吸系统', '免疫系统', '心血管', '腔镜', '医治', '移植手术', '颌面', '综合征', '寄生虫', '消化系统', '代谢', '梅毒', '心脑血管', '器官', '高原病', '心衰', '肾脏', '衰老', '感染性', '血管']","['台独', '捣乱', '亲帝', '破坏活动', '数典忘祖', '势力', '挑动', '划清界限', '图谋', '阴谋', '渗透颠覆', '东突', '挟洋', '恐怖活动', '颠覆', '倒行逆施', '严重错误', '搞乱', '敌对势力', '绝路']","['野心', '卑鄙', '搞乱', '昭然若揭', '无所不用其极', '以疆', '无耻', '遏华', '诬蔑', '嘴脸', '用心险恶', '肆意攻击', '亲帝', '拉帮结伙', '异己', '以台', '制华', '之能事', '乱港谋', '倒行逆施']","['领土完整', '互不侵犯', '民族尊严', '互不干涉', '干涉内政', '内政', '巴勒斯坦国', '阿拉伯叙利亚共和国', '正义斗争', '海洋权益', '正当权利', '内部事务', '国家主权', '外来干涉', '正当权益', '澎湖列岛', '神圣不可', '横加干涉', '戈兰高地', '政的']","['极端主义', '分裂主义', '激进主义', '网络攻击', '毒品走私', '恐怖活动', '三股', '恐怖组织', '恐怖分子', '军备竞赛', '分离主义', '窃密', '庇护所', '公敌', '恐怖', '军事化', '激化矛盾', '滋事', '部族', '藏独']"
2022,"['傲慢', '仇视', '敌视', '敌意', '民族主义', '伪善', '鼓噪', '蔑视', '强权', '狭隘', '制造矛盾', '作祟', '根深蒂固', '谎言', '排外主义', '大行其道', '甚嚣尘上', '暴露无遗', '拉帮结伙', '假想敌']","['饱受', '被动挨打', '任人宰割', '一去不复返了', '仇视', '国破家亡', '更为严重', '暴行', '坐实', '种族灭绝', '弱者', '反抗', '攻击者', '暴力犯罪', '残害', '栽赃', '奴役', '土著居民', '妖魔化', '嚣张气焰']",[],"['心血管病', '脑卒中', '挤兑', '并发症', '诱发', '痛风', '哮喘', '鼻炎', '烧伤', '心梗', '致命性', '胸痛', '综合征', '预后', '急性', '脑出血', '呼吸系统', '炎症', '性疾病', '肺结核']","['台独', '势力', '外来干涉', '美谋独', '作乱', '拒不承认', '一小撮', '小集团', '反华', '严重错误', '阴险', '李登辉', '遏华', '嚣张气焰', '遏阻', '气焰', '换不来', '港独', '马前卒', '破坏活动']","['以疆', '伎俩', '必遭', '遏阻', '阴险', '卑劣', '险恶', '自取其辱', '得逞', '作乱', '美谋独', '险恶用心', '妄想', '一小撮', '筹码', '别有用心', '遏华', '推波助澜', '倒打一耙', '恶劣行径']","['领土完整', '互不干涉', '干涉内政', '内政', '互不侵犯', '内部事务', '民族尊严', '哈方为', '索方', '主权国家', '海洋权益', '阿人', '巴勒斯坦国', '理所当然', '吞下', '国家主权', '诬蔑', '所方', '国为', '遏阻']","['分裂主义', '极端主义', '公敌', '激进主义', '恐怖', '网络攻击', '麻醉药品', '庇护所', '恐怖分子', '三股', '前体', '贩毒', '港独', '窃密', '东伊运', '法西斯主义', '杀伤性', '麻醉品', '破坏活动', '公害']"
2023,"['傲慢', '蒙蔽', '文化差异', '根深蒂固', '鼓吹', '大行其道', '所作所为', '不公', '说三道四', '狭隘', '做派', '标榜', '沉迷于', '误解', '指手画脚', '保守派', '编造谎言', '抱持', '从中渔利', '错误做法']","['任人', '色情', '黄赌', '性侵', '扰医', '闹医', '饭圈', '邪教', '猥亵', '人身权利', '黑恶势力', '沉迷', '恐怖活动', '滋扰', '虐待', '黑客', '侮辱', '涉毒', '追捕', '诽谤']","['急诊部', '内外科', '芳村', '甲亢', '达省', '分诊台', '朱沱镇', '七八位', '糖尿病足', '强直性', '肺病', '溶液剂', '郑荣熙', '个亚', '早幼', '八九十岁', '脊柱炎', '宫颈', '骨伤', '七坊']","['呼吸系统', '先天性', '精神疾病', '并发症', '心脏病', '心脑血管', '霍乱', '罹患', '贫血', '疟疾', '认知障碍', '营养不良', '心力衰竭', '衰竭', '癌症', '白血病', '骤停', '眼疾', '肾脏', '经济危机']","['挑动', '图谋', '动乱', '台独', '反华', '制华', '任何借口', '行径', '制造矛盾', '霸道', '以台', '真面目', '强权政治', '遏华', '谬论', '强权', '霸权主义', '从中渔利', '煽动', '破坏活动']","['三原色', '马前卒', '病态', '伪善', '仇视', '权是', '恶法', '莫须有', '心虚', '害人害己', '犯有', '遮羞布', '罄竹难书', '好为人师', '谋私利', '反智', '蹂躏', '仆从', '动武', '不容置疑']","['领土完整', '民族尊严', '互不侵犯', '互不干涉', '洪方为', '内部事务', '国家主权', '外来干涉', '内政', '巴勒斯坦国', '吉方为', '干涉内政', '海洋权益', '正当权利', '正义斗争', '自决权', '独立国家', '挑拨离间', '阿人', '绝不允许']","['分裂主义', '极端主义', '恐怖', '军备竞赛', '恐怖分子', '恐怖组织', '流窜', '毒品走私', '东突', '巴方为', '地区冲突', '贩毒', '海盗', '三股', '贩卖人口', '网络攻击', '网赌', '渗透颠覆', '恐怖袭击', '制贩']"
