chinese,foundation,frequency
同情,care,326
一臂之力,care,2
一见倾心,care,2
三个代表,care,0
上阵杀敌,care,0
不为已甚,care,0
不仁,care,0
不以为然,care,20
不伤脾胃,care,0
不共戴天,care,3
不啻,care,7
不孝,care,2
不孝之子,care,0
不孝子,care,0
不孝子孙,care,0
不孝敬,care,0
不孝顺,care,0
不宽容,care,0
不屑,care,6
不怀好意,care,10
不打不相识,care,0
不杀不辱,care,0
不让座,care,0
与人为善,care,5
丑化,care,23
世界大战,care,70
东征,care,12
东征西讨,care,0
东突,care,1
丢命,care,0
两虎相争,care,0
两虎相斗,care,0
两败俱伤,care,6
严刑,care,2
严慈,care,0
丧亡,care,1
丧生,care,12
中毒,care,60
中箭,care,0
为仁不富,care,0
为富不仁,care,1
为非作歹,care,36
义举,care,0
义卖,care,0
义工,care,0
义愤填膺,care,20
义捐,care,0
义演,care,0
义行,care,0
义诊,care,0
乌鸟私情,care,0
乐于助人,care,5
乐意,care,38
乖顺,care,0
乘胜追击,care,4
乞哀告怜,care,0
乞怜,care,1
乳母,care,0
了却此生,care,0
争战,care,0
争斗,care,15
事故,care,279
二遍苦,care,0
互助,care,100
互惠互利,care,1
互惠共赢,care,0
互惠合作,care,0
五刑,care,3
亡国灭种,care,1
交恶,care,0
交战,care,23
交通肇事,care,1
亲切,care,1180
亲和,care,0
亲睦邻邦,care,0
人见人爱,care,0
人身安全,care,23
人道,care,23
人道主义,care,245
仁厚,care,0
仁君,care,0
仁善,care,0
仁孝,care,0
仁德,care,5
仁心,care,0
仁惠,care,0
仁慈,care,4
仁慈心,care,0
仁政,care,2
仁民爱物,care,0
仁者爱人,care,0
仁至义尽,care,3
仇人,care,1
仇怨,care,1
从井救人,care,0
仗义执言,care,15
仗势欺人,care,8
仙逝,care,0
以工代赈,care,2
以强凌弱,care,7
以飨读者,care,0
任侠,care,0
传递温暖,care,0
伤亡,care,92
伤别,care,0
伤势,care,22
伤及无辜,care,0
伤员,care,294
伤天害理,care,3
伤害,care,126
伤弓之鸟,care,0
伤心,care,20
伤悲,care,1
伤残,care,10
伤残人员,care,1
伤疤,care,10
伤痛,care,25
伤者,care,8
伤耗,care,0
伥鬼,care,1
伺候,care,9
住院,care,83
体恤,care,2
体惜,care,0
体罚,care,15
体谅,care,57
作孽,care,2
作恶,care,20
作痛,care,0
作贼,care,0
使作呕,care,0
使坏,care,0
侍候,care,8
供养,care,13
侠义心肠,care,0
侮弄,care,0
侵入,care,263
侵扰,care,17
侵权,care,0
便民利民,care,0
便民惠民,care,0
保住,care,60
保佑,care,7
保全,care,26
保卫,care,1128
保护,care,1667
保护伞,care,23
保护动物,care,0
保护环境,care,58
保护者,care,8
保护色,care,1
保重,care,21
保障,care,876
借刀杀人,care,1
借助,care,37
借酒浇愁,care,1
倾轧,care,6
偏疼,care,0
健康,care,584
健康保险,care,0
健康受损,care,0
健康食品,care,0
偷去,care,0
偷盗,care,13
偷窃,care,8
偷袭,care,34
偷鸡不着蚀把米,care,0
傻Ｂ,care,0
傻蛋,care,0
傻逼,care,0
元恶,care,0
兄弟情义,care,0
免疫力,care,2
免费义诊,care,0
全心全意,care,182
全歼,care,42
公共事业,care,9
公益,care,10
公益金,care,18
兰摧玉折,care,0
共同利益,care,74
共襄善举,care,0
关怀,care,552
关格,care,0
兵连祸结,care,0
养家糊口,care,1
养活,care,54
养病,care,34
养老,care,9
养老院,care,3
养虎为患,care,0
内心善良,care,0
内耗,care,5
混战,care,12
冤业,care,0
冤死,care,3
冲打,care,0
冷暖,care,9
冷暖自知,care,0
凄恻,care,0
凄惶,care,3
凄然,care,3
凌虐,care,0
凌迟,care,0
凶事,care,0
凶器,care,24
凶巴巴,care,0
凶戾,care,0
凶手,care,50
凶杀,care,2
凶杀案,care,2
凶死,care,0
凶残,care,30
凶犯,care,23
凶狠,care,14
凶讯,care,0
凶险,care,5
出击,care,51
出诊,care,3
击毁,care,246
击毙,care,88
击沉,care,10
刀俎,care,0
刀刺性痛,care,0
刀子嘴豆腐心,care,0
刀锯鼎镬,care,0
分享,care,36
分忧,care,13
分担,care,60
切痛,care,0
切肤之痛,care,5
刑具,care,1
刑戮,care,0
刑求,care,0
刑罚,care,197
刑舂,care,0
刑辱,care,0
划伤,care,0
创伤,care,107
创口,care,0
创痛,care,1
利民,care,11
刮伤,care,1
刺客,care,2
刺杀,care,8
刺死,care,1
刺痛,care,9
刽子手,care,26
前人栽树,care,0
劈空扳害,care,0
力攻,care,0
劝慰,care,5
加护,care,0
加护病房,care,0
动情,care,6
动手,care,225
助人为乐,care,39
助纣为虐,care,3
劫匪,care,0
劫持,care,14
勇救,care,0
勒索,care,42
勒逼,care,0
包剿,care,0
包容,care,1
包治百病,care,0
包藏祸心,care,2
化学武器,care,25
医官,care,1
医护,care,14
医护人员,care,40
医治,care,93
千刀万剐,care,0
协理,care,0
南京大屠杀,care,0
南征,care,6
博爱,care,7
卧轨,care,0
卫护,care,4
卫生防疫,care,17
危及,care,98
危害性,care,36
危重病人,care,0
厌弃,care,4
厚待,care,0
厚谊,care,2
去世,care,163
去死,care,0
去逝,care,0
参战,care,99
友善,care,4
友爱,care,19
反人类,care,0
反哺,care,0
反攻,care,32
发痛,care,0
受伤,care,164
受伤害,care,11
受刑,care,6
受害,care,71
受害人,care,7
受惠,care,13
受损,care,5
受气,care,5
受益,care,111
受益人,care,0
受罪,care,8
受虐,care,0
受难者,care,7
可惜,care,154
可憎,care,6
叱骂,care,0
吃人,care,0
吃苦头,care,16
合击,care,1
吊丧,care,0
吊唁,care,37
吊孝,care,2
吊慰,care,0
吊死问疾,care,0
吊民伐罪,care,0
吊祭,care,0
后人乘凉,care,0
吓唬,care,20
吞声,care,0
含辛茹苦,care,3
启蒙,care,29
吸毒,care,21
吸毒成瘾,care,0
周济,care,3
呵护,care,0
命危,care,0
命赴黄泉,care,0
和和气气,care,1
和善,care,2
和善可亲,care,0
和平,care,3778
和睦,care,38
和蔼,care,26
和蔼可亲,care,11
咒诅,care,0
咒骂,care,31
咸猪手,care,0
哀伤,care,6
哀号,care,2
哀哭,care,0
哀嚎,care,0
哀怜,care,0
哀悯,care,0
哀愁,care,4
哀痛,care,7
哀矜,care,0
哀莫大于心死,care,0
哀鸿遍野,care,0
哈达,care,39
哭丧,care,1
哭声,care,10
哺母乳,care,0
哺育,care,47
唁信,care,0
唁函,care,0
唁劳,care,0
唁电,care,22
唾骂,care,5
啼饥号寒,care,1
喂养,care,54
喂母乳,care,0
喂食,care,2
善人,care,0
善心,care,1
善意,care,47
善良,care,75
善良之心,care,0
善良单纯,care,0
善良贤惠,care,0
善行义举,care,0
善解人意,care,0
善风,care,0
喜极而泣,care,0
嗑药,care,0
嗔诟,care,0
回击,care,51
困扰,care,19
困苦,care,31
围剿,care,98
围护,care,1
围攻,care,60
围魏救赵,care,0
国家一级保护,care,0
国破家亡,care,0
国蠹,care,0
在乎,care,1
坐月子,care,1
垂危,care,14
墨刑,care,1
声讨,care,43
多愁多病,care,0
大孝,care,0
大度,care,1
大放悲声,care,0
大有裨益,care,6
大祸临头,care,6
大骂,care,18
天诛,care,0
天诛地灭,care,1
失盗,care,5
失窃,care,1
夹击,care,11
夹攻,care,2
夺取,care,511
奋勇杀敌,care,0
奚落,care,7
奠祭,care,1
女犯,care,0
奸杀,care,0
好客,care,36
好心,care,58
好意,care,21
妨害,care,37
姆妈,care,0
威吓,care,16
威胁,care,1911
嫌恶,care,4
孕育,care,35
孝亲,care,0
孝亲敬老,care,0
孝女,care,0
孝子,care,2
孝子贤孙,care,5
孝字,care,0
孝孙,care,0
孝心,care,0
孝悌,care,0
孝敬,care,2
孝老,care,0
孝老敬老,care,0
孝道,care,0
孝顺,care,1
孝顺父母,care,0
守候,care,13
守卫者,care,10
守护,care,24
守望相助,care,0
安全区,care,5
安全帽,care,4
安全措施,care,20
安全气囊,care,0
安危,care,76
安宁,care,226
安定,care,290
安富恤穷,care,0
安富恤贫,care,0
安康,care,12
安心,care,151
安慰,care,63
安然无恙,care,16
安神,care,1
官报私仇,care,0
宝贝,care,19
宠坏,care,0
宣战,care,14
害,care,53
害人,care,14
害人不浅,care,2
害命,care,1
害死,care,22
家庭和谐,care,0
家庭暴力,care,0
家暴,care,0
家破人亡,care,21
宽于待人,care,0
宽仁,care,0
宽以待人,care,9
宽厚,care,10
宽厚仁爱,care,0
宽和,care,0
宽大,care,29
宽大为怀,care,1
宽宏,care,1
宽宏大量,care,4
宽宥,care,0
宽容,care,19
宽容大度,care,0
宽容待人,care,0
宽容心,care,0
宽容接纳,care,0
宽容豁达,care,0
宽弘,care,0
宽待,care,15
宽心,care,1
宽怀大度,care,1
宽恕,care,25
宽慰,care,14
宽洪,care,0
宽洪大度,care,0
宽洪大量,care,0
宽解,care,0
宽赦,care,0
寇攘,care,0
导盲犬,care,0
尊师爱徒,care,3
尊老,care,0
尊老爱幼,care,2
小心,care,49
尖酸刻薄,care,0
居心险恶,care,3
屠城,care,0
屠杀,care,207
屠杀者,care,0
屠毒,care,0
岐视,care,0
崩坏,care,1
崩殂,care,0
巡回义诊,care,0
帮助,care,2869
帮工,care,5
帮忙,care,81
平复,care,0
平毁,care,5
庇佑,care,0
庇廕,care,0
庇祐,care,0
康健,care,0
康复,care,4
开展义诊,care,0
开战,care,14
弃世,care,2
弃婴,care,0
弄乱,care,3
弄伤,care,1
弄坏,care,1
弄糟,care,1
弑父,care,1
强奸,care,74
强奸罪,care,8
强攻,care,23
强梁,care,2
强横,care,0
强盗,care,88
强迫,care,281
归天,care,0
归西,care,0
当心,care,19
形丑心善,care,0
征讨,care,4
待人和气,care,0
待人宽厚,care,0
得益,care,16
心地善良,care,1
心底善良,care,0
心疼,care,42
心痛,care,20
心碎,care,4
心肝,care,6
心胸宽广,care,0
心胸宽阔,care,0
心血,care,154
忍痛,care,16
志哀,care,3
忧伤,care,8
忧思,care,1
怀抱,care,99
怒斥,care,16
怒骂,care,2
怜惜,care,1
性侵,care,0
性侵害,care,0
性侵犯,care,0
性虐待,care,0
怨声载道,care,21
恃强欺弱,care,0
恋人,care,3
恐吓,care,41
恐怖主义,care,12
恐怖组织,care,1
恐怖袭击,care,0
恤匮,care,0
恤嫠,care,0
恩,care,78
恩人,care,5
恩情,care,13
恩慈,care,0
恩爱,care,0
恫吓,care,68
恶恨,care,0
恶意,care,32
恶战,care,2
恶斗,care,0
恶疾,care,0
恶骂,care,0
患病,care,46
患难,care,22
悲不自胜,care,0
悲伤,care,21
悲哀,care,17
悲声载道,care,0
悲天悯人,care,0
悲怆,care,2
悲悯,care,1
悲痛,care,96
情不可却,care,0
情义,care,4
情人眼里有西施,care,0
情同手足,care,3
情同骨肉,care,0
情有独锺,care,0
情杀,care,0
情谊,care,249
情逾骨肉,care,0
惠及,care,1
惠及子孙,care,0
惠及民生,care,0
惠政,care,0
惠施,care,0
惠民,care,40
惠民服务,care,0
惨叫,care,3
惨怛,care,0
惨无人道,care,56
惨杀,care,2
惨案,care,24
惨毒,care,0
惨然,care,0
惨痛,care,29
惨绝人寰,care,12
惨遭,care,59
惹人心烦,care,0
愁苦,care,4
愈合,care,14
意在沛公,care,0
感到温暖,care,0
感化,care,5
感召,care,13
感同身受,care,1
慈善,care,1
慈善家,care,1
慈悲,care,3
慈母,care,10
慈爱,care,5
慈祥,care,21
慈福,care,0
慈颜,care,0
慰劳,care,6
慰唁,care,0
慰安妇,care,0
慰籍,care,2
慷慨捐生,care,0
慷慨解囊,care,2
慷慨输将,care,0
懂礼仪,care,0
成全,care,3
成瘾,care,1
战乱,care,12
战争,care,2010
战火,care,106
手足亲情,care,0
扑杀,care,1
扒皮,care,2
扒窃,care,17
扒高踩低,care,0
打倒,care,397
打垮,care,23
打杀,care,0
打死,care,812
打气,care,29
打狗欺主,care,0
扔弃,care,1
托儿所,care,148
扫除,care,153
扰乱,care,73
扶危济困,care,1
扶持,care,231
扶掖,care,0
批斗,care,136
抗涝,care,2
抗灾,care,78
抗震救灾,care,27
折磨,care,184
抚恤金,care,3
抚慰,care,3
抚慰金,care,0
抚育,care,73
抢,care,293
抢亲,care,1
抢婚,care,0
抢救,care,239
抢险,care,11
护士,care,72
护理,care,80
护着,care,1
报复,care,80
报德,care,1
报答,care,18
担架,care,87
拆散,care,16
拒礼,care,0
拘守,care,1
招抚,care,0
拜寿,care,1
拣软的欺,care,0
拥抱,care,44
拦阻,care,14
拯救,care,61
拳打,care,2
拳打脚踢,care,12
拶刑,care,0
拶子,care,0
拶指,care,0
拷掠,care,0
挂彩,care,1
指桑骂槐,care,3
指责,care,572
挖肉补疮,care,3
挟制,care,1
挟持,care,4
挨打受气,care,0
挨饥抵饿,care,0
挽救,care,136
捉拿,care,9
捐弃,care,4
捐款,care,30
捐物,care,0
捕杀,care,6
捕食,care,5
损人利己,care,17
损坏,care,113
捣毁,care,24
授乳,care,0
授人以鱼不如授人以渔,care,0
掠夺者,care,4
探亲,care,101
探伤,care,0
探病,care,2
探视,care,8
掩护,care,209
援助,care,914
援救,care,21
搏战,care,0
搏斗,care,125
搏杀,care,0
搜救,care,0
搜救犬,care,0
搭救,care,9
摔伤,care,5
摧残,care,266
摧毁,care,254
撒娇,care,1
撕票,care,0
撞死,care,2
撞烂,care,0
攀诬陷害,care,0
收容,care,70
收容所,care,57
收残缀轶,care,0
攻伐,care,0
攻击,care,861
攻占,care,115
攻取,care,2
攻打,care,127
攻讦,care,2
攻陷,care,6
放刁,care,0
放心,care,155
敌探,care,0
救亡,care,21
救人,care,9
救出,care,13
救命,care,3
救护,care,57
救援,care,35
救援队,care,0
救治,care,13
救济,care,298
救火,care,15
救灾,care,45
救生袋,care,0
救生队,care,0
救难,care,0
敬孝,care,0
敬爱,care,353
敬老,care,0
敬老尊贤,care,0
敲诈勒索罪,care,0
斧钺汤镬,care,0
斩杀,care,0
斩草除根,care,3
斫丧,care,0
断食,care,0
新愁旧恨,care,0
施惠,care,0
施舍,care,5
族诛,care,0
无助,care,0
无赖,care,20
既往不咎,care,7
日久生情,care,0
旧恶,care,0
明争暗斗,care,3
暗伤,care,0
暗害,care,7
暗杀,care,46
暴力,care,68
暴力法,care,0
暴力犯罪,care,0
暴洪,care,0
暴烈,care,3
月子,care,0
有人情,care,0
有助,care,8
有害,care,163
有心,care,7
有损,care,18
服务,care,2180
服务人民,care,0
杀人,care,124
杀人如麻,care,3
杀人放火,care,7
杀人案,care,7
杀人犯,care,34
杀人越货,care,3
杀伤,care,32
杀伤力,care,7
杀富济贫,care,0
杀戮,care,7
杀掉,care,19
杀气,care,0
杀灭,care,2
杀熟,care,0
杀生,care,1
杀绝,care,2
权益,care,44
杖刑,care,1
杜鹃啼血,care,0
来者不善,care,1
枪伤,care,4
染病,care,0
根绝,care,11
桀,care,0
桁杨刀锯,care,0
案甲休兵,care,0
横尸遍野,care,1
横死,care,1
欺侮,care,35
欺凌,care,31
欺压,care,21
欺压良善,care,0
欺生,care,0
欺男霸女,care,0
止痛,care,8
止痛药,care,1
止血,care,5
正当防卫,care,7
正统,care,24
武装分子,care,0
歧视,care,196
歹徒,care,14
死于非命,care,7
死伤,care,33
死去,care,81
死敌,care,2
死绝,care,0
死难者,care,33
歼击,care,3
殉难,care,13
殊深轸念,care,0
残害忠良,care,0
残废,care,46
残暴不仁,care,1
残杀者,care,0
残毒,care,5
残民害物,care,0
残疾儿,care,0
残虐,care,0
残酷无情,care,8
殒命,care,3
殚残,care,0
殴打罪,care,0
毁伤,care,1
毁家纾难,care,0
毁容,care,2
毁损,care,4
毁掉,care,76
毁来,care,0
毁灭,care,88
毁除,care,0
母体,care,5
母爱,care,8
毒化,care,21
毒奶,care,0
毒手,care,16
毒贩,care,1
毙命,care,8
毫不客气,care,7
民脂民膏,care,4
民贼独夫,care,0
气量,care,7
水刑,care,0
水害,care,8
水火无情,care,0
水灾,care,57
永逝,care,0
求援,care,17
求救,care,10
污衊,care,0
污辱,care,22
沉痛,care,105
沦陷,care,12
治死,care,0
治疗,care,490
治病救人,care,31
泪痕,care,3
泼贱人,care,0
活罪,care,0
流寇,care,2
流脑,care,0
济助,care,0
济困扶危,care,0
济急,care,0
济贫,care,11
消沉,care,17
消瘦,care,24
深恶痛绝,care,29
深情,care,155
深情厚意,care,11
深情款款,care,0
混乱,care,433
温厚,care,5
温和,care,83
温和亲切,care,0
温和友善,care,0
温和有礼,care,0
温情,care,6
温暖,care,182
温暖人心,care,0
温暧,care,0
温柔,care,15
温柔体贴,care,0
温柔娴淑,care,0
温良,care,5
温言,care,0
温饱,care,5
湮灭,care,0
溃败,care,3
溺爱,care,14
滚油煎心,care,0
满不在乎,care,9
滥杀无辜,care,0
濒危,care,1
濒危物种,care,0
火坑,care,1
灭失,care,0
灭族,care,3
灭种,care,11
灭门,care,0
灼痛,care,0
灾害,care,164
炮烙,care,0
炸毁,care,117
炸碎,care,0
烂透,care,0
烦冤,care,0
烧伤,care,19
烧灼伤,care,0
烧灼疼,care,0
热心,care,181
热忱,care,60
热情,care,1217
热情服务,care,1
热爱,care,576
焚毁,care,16
煎熬,care,5
照应,care,6
照护,care,0
照顾,care,488
熬煎,care,1
爱意,care,0
爱憎,care,24
爱抚,care,6
爱护,care,229
爱昵,care,1
爱民如子,care,0
爱莫能助,care,4
特护,care,0
狗屎,care,0
猛击,care,8
猥亵,care,5
献爱心,care,0
玉石俱焚,care,0
环境保护,care,278
环境损害,care,0
玷辱,care,1
珍重,care,6
理解,care,735
生厌,care,3
生物战,care,0
电刑,care,0
畏罪,care,1
留情,care,5
疏财重义,care,0
疑凶,care,0
疗伤,care,1
疗养,care,42
疗养所,care,2
疫病,care,17
疮痍,care,0
疼死,care,0
疼爱,care,21
疼痛,care,46
疾苦,care,153
病入膏肓,care,3
病势,care,3
病去如抽丝,care,0
病员,care,9
病容,care,3
病床,care,86
病患,care,0
病房,care,66
病来如山倒,care,0
病民害国,care,0
病民蛊国,care,0
病虫害,care,96
痛不欲生,care,0
痛恨,care,42
痛感,care,11
痛斥,care,63
痛楚,care,6
瘟疫,care,14
白奴,care,0
百善孝为先,care,0
百孔千疮,care,7
百行孝为先,care,0
皮开肉绽,care,1
皮肉之苦,care,0
益友,care,8
盗伐,care,9
盗窃,care,99
盗贼,care,13
相互宽容,care,0
相伴,care,2
相知相惜,care,0
相让,care,1
看护,care,6
看病,care,66
真诚善良,care,0
眷爱,care,0
眷眷之心,care,0
眼中刺,care,1
眼中钉,care,16
眼穿肠断,care,0
瞑眩,care,0
知恩图报,care,0
知情达理,care,0
知遇之恩,care,1
破坏,care,3454
破敝,care,0
破相,care,0
砸毁,care,5
硬朗,care,4
磨折,care,0
示恩,care,0
礼待,care,1
礼让,care,4
礼让他人,care,0
礼让行人,care,0
礼轻情意重,care,0
礼遇,care,9
祈福禳灾,care,0
祛风,care,1
祝福,care,25
祭奠,care,8
祸害,care,68
离愁,care,0
秃驴,care,0
秋后算帐,care,1
种族清洗,care,0
种族灭绝,care,73
稳贴,care,0
空袭,care,32
突击,care,195
突袭,care,7
窃取,care,60
窜扰,care,0
窜犯,care,4
笃爱,care,0
管待,care,0
精心,care,310
精神健康,care,0
精神病,care,12
精神衰弱,care,0
紧抱,care,1
纠弹,care,0
纾困,care,0
细菌战,care,4
细菌武器,care,1
结仇,care,0
绕膝,care,0
绝情寡义,care,0
绝灭,care,10
绷扒吊拷,care,0
缓解,care,2
缠扰,care,0
罗掘,care,0
罚跪,care,0
罪大恶极,care,12
罪性,care,0
罪无可恕,care,0
罪魁祸首,care,37
罹祸,care,0
罹难,care,2
羞辱,care,3
老伴,care,94
耐烦,care,0
耳痛,care,0
聆听,care,24
聊以自慰,care,3
联袂,care,0
聚歼,care,1
肇事者,care,14
肉中刺,care,1
肉刑,care,9
肏你妈,care,0
股肱,care,0
育人,care,2
育儿,care,1
胁从犯,care,0
胁持,care,0
胁迫,care,26
胃疼,care,1
胸怀宽广,care,0
胸襟宽广,care,0
胸闷,care,1
脱皮掉肉,care,0
脱险,care,34
腥风血雨,care,5
臂弯,care,1
自保,care,1
自卫,care,116
自寻死路,care,0
自尽,care,2
自杀,care,95
自相鱼肉,care,0
自身难保,care,1
至孝,care,0
致命,care,38
致病,care,6
舍己救人,care,11
良师益友,care,10
良母,care,0
色狼,care,0
节哀顺变,care,0
节约用水,care,15
芝焚蕙叹,care,0
苦刑,care,0
苦因,care,0
苦处,care,3
苦心,care,10
苦楚,care,4
苦水,care,5
苦痛,care,13
苦难深重,care,4
茹毛饮血,care,0
茹痛,care,0
荼毒,care,5
荼毒生灵,care,0
获救,care,1
营救,care,79
葬身,care,9
蒙难,care,1
蔽身处,care,0
蕴藉,care,1
虐杀,care,9
虚弱,care,58
虫灾,care,5
虫豸,care,1
蚁斗蜗争,care,0
蛊祝,care,0
蛮悍,care,0
蠹吏,care,0
蠹国害民,care,0
蠹害,care,0
血债,care,10
血债累累,care,2
血口喷人,care,9
血战,care,5
血晕,care,0
血案,care,3
血汗,care,48
血泪,care,34
血洗,care,2
血淋淋,care,11
血盆大口,care,1
血肉横飞,care,5
血腥,care,85
血账,care,0
血路,care,2
行凶,care,45
行刺,care,4
行善,care,0
行好,care,0
行孝,care,0
行孝道,care,0
补助,care,150
补益,care,0
袒免,care,0
袒庇,care,0
被害人,care,81
被害者,care,6
被绑,care,3
袭击,care,835
裨益,care,7
裹挟,care,3
裹胁,care,6
要挟,care,19
覆亡,care,5
覆灭,care,38
视如敝屣,care,0
解寒,care,0
解愁,care,3
解救,care,14
解毒,care,2
解民倒悬,care,0
解痛,care,0
触目伤心,care,0
讨伐,care,29
讨扰,care,0
讨饭,care,14
让座,care,3
让行,care,0
训育,care,0
诅咒,care,15
诈骗罪,care,3
诚意,care,194
诛,care,10
诛尽杀绝,care,0
诛杀,care,5
诛灭,care,0
诛锄,care,0
诛除,care,0
诟病,care,0
该死,care,3
误伤,care,6
调养,care,0
调理,care,0
谆谆,care,4
谋害,care,13
谋杀案,care,5
谋杀罪,care,2
谋财害命,care,4
谑而不虐,care,0
谗害,care,0
谢天谢地,care,1
谦恭礼让,care,0
谨防扒手,care,0
豺狼虎豹,care,1
负伤,care,156
贡献,care,2632
责打,care,0
责罚,care,0
贤妻良母,care,0
贤孝,care,2
贤惠,care,1
贤淑,care,0
败絮,care,0
贩毒,care,1
贬低,care,41
贬斥,care,4
贴心,care,6
赈恤,care,0
赈捐,care,0
赈济,care,2
赈灾,care,0
赌斗,care,0
赐死,care,1
赒急扶困,care,0
赒恤,care,0
赒济,care,0
赡养,care,14
赶尽杀绝,care,1
足以自慰,care,0
跳出火坑,care,0
身心交病,care,0
身负重伤,care,20
转危为安,care,19
转面无情,care,0
轮奸,care,7
软禁,care,16
轻伤,care,8
辩证施治,care,0
过犯,care,0
迎击,care,10
迎合,care,12
迎头痛击,care,10
迎宾,care,15
还手,care,20
进攻,care,722
违强凌弱,care,0
违强陵弱,care,0
违法乱纪,care,200
连坐,care,4
连累,care,12
迫害,care,1112
迫胁,care,0
追击,care,27
追荐,care,0
送医,care,9
送去温暖,care,0
送温暖,care,1
送终,care,1
逍遥法外,care,18
通情达理,care,13
通融,care,3
逝世,care,540
造福,care,104
逮捕,care,467
逼人,care,11
逼奸,care,0
逼良为娼,care,0
逼迫,care,26
遇害,care,10
遇难,care,24
遇难者,care,1
遗恨,care,5
遭殃,care,30
遭瘟,care,0
遮护板,care,0
遮风避雨,care,0
避让行人,care,0
邻里互助,care,0
酗酒滋事,care,0
酷刑,care,18
酸痛,care,1
采花贼,care,0
释然,care,0
重创,care,10
重情义,care,1
重情重义,care,0
重罚,care,1
重罚不用,care,0
鏖战,care,8
钟情,care,2
闪击,care,1
问候,care,338
问安,care,2
闵凶,care,0
防卫,care,148
防护,care,32
防毒,care,2
防灾,care,10
防空洞,care,18
防腐,care,4
防霉,care,1
防龋,care,0
阴骘,care,0
阵亡,care,7
阵痛,care,0
阻挠,care,331
降祉,care,0
陪床,care,0
陷害,care,86
陷落,care,21
隆情厚谊,care,0
隐痛,care,0
隔岸观火,care,1
难保,care,1
难受,care,30
雍容大度,care,0
雷锋,care,115
非命,care,0
非礼,care,0
靠谱,care,0
面面俱到,care,2
面黄肌瘦,care,3
革出教门,care,0
顾惜,care,0
预防措施,care,10
频危,care,0
食人,care,0
食品安全,care,0
食肉寝皮,care,0
饥肠辘辘,care,0
饮水思源,care,3
饶恕,care,4
饿殍载道,care,0
饿莩载道,care,0
驱赶,care,499
驻守,care,35
骂人,care,19
骂骂咧咧,care,1
骚扰,care,62
骨肉相连,care,7
高空病,care,0
黑死病,care,0
黑砖窑,care,0
鼻青脸肿,care,3
龙争虎斗,care,0
关爱,care,0
照看,care,12
友好,care,3211
慰问,care,424
维护,care,2067
爱心,care,0
同理心,care,0
感情,care,632
体贴,care,25
融洽,care,32
平安,care,30
怜悯,care,6
救助,care,30
关心,care,1581
共情,care,0
福利,care,233
庇护,care,34
监护,care,16
战斗,care,2734
榨取,care,17
遗弃,care,7
踩死,care,2
捏死,care,0
弄死,care,0
搞死,care,0
削弱,care,341
消灭,care,1006
痛苦,care,293
损伤,care,48
损毁,care,11
损害,care,472
死人,care,8
受难,care,14
受苦,care,17
伤口,care,65
中伤,care,26
重伤,care,85
伤人,care,12
欺负,care,18
杀死,care,54
杀手,care,1
杀害,care,236
辱骂,care,33
蹂躏,care,54
强暴,care,9
抨击,care,79
虐待,care,61
谋杀,care,23
灭亡,care,65
灭绝,care,92
谩骂,care,41
掠夺,care,170
利用,care,3236
滥用,care,75
困境,care,86
苦难,care,183
绝情,care,0
践踏,care,307
歼灭,care,143
击溃,care,10
毁坏,care,141
狠心,care,4
好战,care,24
好斗,care,2
扼杀,care,96
斗殴,care,13
打架,care,29
打击,care,1274
打斗,care,0
粗暴,care,173
残忍,care,32
残酷,care,517
残暴,care,122
不友好,care,0
不稳定,care,0
不同情,care,0
不损害,care,0
不关心,care,0
不安全,care,0
不爱护,care,0
剥夺,care,327
摒弃,care,44
一呼百诺,auth,0
一字之师,auth,0
一把手,auth,13
一言九鼎,auth,1
万代,auth,10
万户侯,auth,0
万马齐喑,auth,28
丈人,auth,1
三个代表,auth,0
三从四德,auth,0
三反,auth,29
三反运动,auth,0
三民主义,auth,9
三法司,auth,0
三皇,auth,0
三皇五帝,auth,0
三纲五常,auth,3
三藏法师,auth,0
三藩之乱,auth,0
上交,auth,101
上司,auth,21
上天,auth,22
上将,auth,139
上将军,auth,0
上尉,auth,24
上校,auth,83
上流,auth,4
上等兵,auth,0
上级,auth,1035
上缴,auth,144
上辈,auth,0
下令,auth,180
下属,auth,27
下放,auth,90
下级,auth,164
下聘,auth,0
下达,auth,383
不可抗拒,auth,0
不听命,auth,0
不孝敬,auth,0
不孝顺,auth,0
不忠不孝,auth,0
不恭,auth,0
不悌,auth,0
不打不成才,auth,0
不服,auth,73
不畏强权,auth,1
不破不立,auth,0
不羁,auth,0
专家,auth,1298
世俗,auth,8
世家,auth,7
世尊,auth,0
世界卫生组织,auth,44
世胄,auth,0
世袭君主国,auth,0
东征,auth,12
东征西怨,auth,0
东罗马帝国,auth,0
严惩,auth,47
严慈,auth,0
丫环,auth,2
丫鬟,auth,0
中央,auth,2430
中央直辖市,auth,0
中将,auth,177
中校,auth,35
临朝,auth,0
为准,auth,11
为官不仁,auth,0
主人,auth,484
主人翁,auth,82
主仆,auth,3
主从,auth,0
主任,auth,2063
主和派,auth,6
主子,auth,107
主宰,auth,33
主导,auth,31
主导权,auth,0
主张,auth,1197
主教,auth,8
主管机关,auth,9
主计,auth,0
义和乱,auth,0
义和团,auth,9
义警,auth,0
乖忤,auth,0
乖迕,auth,0
乞休,auth,0
习俗,auth,38
乱世,auth,2
乱政,auth,1
乾隆,auth,26
争雄,auth,2
事变,auth,55
事奉,auth,0
事权,auth,2
二把手,auth,24
二等,auth,27
五七干校,auth,6
五四,auth,274
五四运动,auth,333
五帝,auth,0
交警,auth,0
京师,auth,4
亲族,auth,1
亵黩,auth,0
人尖儿,auth,0
斗士,auth,6
人民公社,auth,411
人民法院,auth,675
人民行动党,auth,0
人民警察,auth,22
什叶派,auth,46
仁君,auth,0
仁言利博,auth,0
仆人,auth,3
仆役,auth,0
从军,auth,7
从命,auth,2
从善如流,auth,1
从属,auth,6
从者,auth,0
仗势欺人,auth,8
代管,auth,6
令箭,auth,3
令行禁止,auth,2
以人废言,auth,0
以夷制夷,auth,0
以孝为先,auth,0
以强凌弱,auth,7
以权压法,auth,0
以言代法,auth,4
仪仗队,auth,92
任贤使能,auth,0
伏惟,auth,0
众星拱辰,auth,0
众星捧月,auth,0
众议院,auth,261
优劣,auth,29
传统,auth,1568
会审,auth,6
会长,auth,422
传唤,auth,6
传承,auth,0
传旨,auth,0
传檄,auth,0
伦常,auth,2
位列,auth,1
体制,auth,397
佣人,auth,0
佣妇,auth,0
使役,auth,3
侍候,auth,8
侍奉,auth,2
依顺,auth,0
侦察兵,auth,8
侯景之乱,auth,0
侯门似海,auth,0
俄罗斯帝国,auth,0
保守派,auth,4
倒台,auth,26
倒行逆施,auth,88
倾覆,auth,6
僭越,auth,0
元勋,auth,0
元老,auth,11
兄弟阋墙,auth,1
兄长,auth,4
充军,auth,2
先辈,auth,46
光前裕后,auth,0
光宗耀祖,auth,1
光禄大夫,auth,0
克格勃,auth,68
免职,auth,12
免黜,auth,0
党性,auth,221
党政机关,auth,59
党组,auth,100
党风廉政,auth,0
兜捕,auth,0
全权,auth,43
八国联军,auth,2
八旗,auth,1
八旗制度,auth,0
公事,auth,7
公仆,auth,66
公决,auth,0
公安,auth,203
公忠体国,auth,0
公报私仇,auth,0
公有化,auth,13
公检法,auth,78
公立,auth,2
共产党员,auth,858
共和党,auth,121
关税,auth,42
兴师问罪,auth,2
兵役,auth,10
兵权,auth,0
兵连祸结,auth,0
兵部,auth,4
兵队,auth,0
兵马,auth,3
典章,auth,0
内战,auth,171
内政,auth,428
内政部,auth,34
内阁,auth,436
册封,auth,2
册府元龟,auth,0
冒犯者,auth,0
军事机构,auth,0
军事法庭,auth,8
军令如山,auth,0
军医院,auth,0
军团,auth,39
军阀,auth,78
军队,auth,3548
农民阶级,auth,7
冠冕,auth,1
准予,auth,3
准许,auth,48
凛遵,auth,0
凡例,auth,0
出柜,auth,0
出身,auth,250
分裂组织,auth,0
刑名之学,auth,0
刑堂,auth,1
刑警,auth,5
刑讯,auth,3
刑部,auth,5
判令,auth,2
判读,auth,0
利民,auth,11
制度,auth,2445
制裁,auth,192
刺史,auth,6
剃发令,auth,0
副司令,auth,14
副州长,auth,9
副总统,auth,0
副校长,auth,89
副院长,auth,0
办罪,auth,1
功名利禄,auth,0
功高望重,auth,1
加官进爵,auth,0
劳动人民,auth,0
劳教所,auth,0
势族,auth,0
势高益危,auth,0
勇于创新,auth,46
勋爵,auth,78
勋绩,auth,0
勒令,auth,23
勤王,auth,0
勿替敬典,auth,0
包办婚姻,auth,9
包工头,auth,1
包拯,auth,4
北约,auth,899
北洋军,auth,0
北洋军阀,auth,28
匪穴,auth,0
匹夫,auth,1
区长,auth,11
医官,auth,1
十常侍,auth,0
十年树木百年树人,auth,0
升斗小民,auth,0
华胄,auth,0
协管,auth,0
协管员,auth,0
单于,auth,12
南征北讨,auth,0
南昌起义,auth,53
博古,auth,1
卫尉,auth,0
印信,auth,0
危害祖国,auth,0
却之不恭,auth,0
厂规,auth,5
厚生省,auth,6
参拜,auth,1
参见,auth,0
参议院,auth,258
参谋总长,auth,2
参谋长,auth,201
友军,auth,2
反右斗争,auth,0
反对,auth,4174
反战抗议,auth,0
反抗者,auth,0
反政府,auth,0
反核,auth,0
反腐,auth,0
反腐倡廉,auth,0
反贪腐,auth,0
发号施令,auth,60
发落,auth,0
发配,auth,0
受制,auth,0
受命,auth,26
受权,auth,23
叛乱罪,auth,0
叛匪,auth,0
叛逆,auth,13
口令,auth,23
叩头,auth,3
召开,auth,2680
召见,auth,37
号令,auth,14
司令,auth,238
司令员,auth,142
司令官,auth,14
司令部,auth,196
司寇,auth,0
司法机关,auth,91
司长,auth,81
合纵连横,auth,0
同级,auth,32
名次,auth,21
名称权,auth,0
吏治,auth,2
君主,auth,26
君主专制,auth,4
君主制,auth,14
君主国,auth,0
君主政体,auth,1
君主政治,auth,0
君主立宪制,auth,4
听命,auth,3
听随,auth,0
呈报,auth,7
呈请,auth,1
呼之即来,auth,1
呼来喝去,auth,0
和尚打伞,auth,0
哀家,auth,0
品第,auth,1
哗变,auth,21
唯恐天下不乱,auth,0
喝令,auth,2
四书,auth,0
四德,auth,0
四清运动,auth,9
因父之名,auth,0
团练,auth,0
团长,auth,1778
固守,auth,13
国书,auth,66
国会议员,auth,75
国会议长,auth,0
国务委员,auth,29
国务院,auth,2152
国君,auth,6
国土安全局,auth,0
国土安全部,auth,0
国家一级保护,auth,0
国家环保总局,auth,0
国度,auth,14
国徽,auth,14
国有资产,auth,0
国民警卫队,auth,0
国法,auth,35
国王,auth,603
国营,auth,574
国蠹,auth,0
国防,auth,476
国防部,auth,172
国防部长,auth,404
图腾,auth,1
土豪劣绅,auth,12
圣卢西亚,auth,77
圣贤书,auth,0
圣躬,auth,0
在位,auth,6
地头蛇,auth,3
均田制,auth,0
不屈,auth,46
垂帘听政,auth,4
城防,auth,3
堵剿匪徒,auth,0
增兵,auth,74
士官,auth,2
士族,auth,0
壮丁,auth,6
处分,auth,260
处治,auth,2
处罚,auth,147
处长,auth,64
复辟,auth,151
大一统,auth,0
大主教,auth,7
大人,auth,62
大国,auth,392
大字报,auth,127
大将,auth,29
大尉,auth,3
大师,auth,36
大帝,auth,7
大总统,auth,0
大权,auth,62
大校,auth,7
大法官,auth,2
大王,auth,23
大腕,auth,0
大臣,auth,470
天下,auth,147
天下大乱,auth,15
天地会,auth,0
天子,auth,5
天朝,auth,10
太上,auth,0
太守,auth,2
太平天国,auth,34
失之于宽,auth,0
失信于民,auth,28
头儿,auth,0
头头,auth,35
头子,auth,48
头目,auth,98
头等,auth,37
头衔,auth,5
头领,auth,2
奉养,auth,0
奉召,auth,0
奉命,auth,99
奉旨,auth,2
奉申贺敬,auth,0
奉职,auth,0
奉若神明,auth,1
奉诏,auth,0
奥匈帝国,auth,0
女仆,auth,0
女王,auth,223
奴仆,auth,21
奴婢,auth,4
奴隶,auth,126
奴隶主,auth,20
奸官,auth,2
奸雄,auth,2
委员,auth,1371
姥,auth,1
威严,auth,15
威信,auth,162
威容,auth,0
威尊命贱,auth,0
威德,auth,1
威迫,auth,1
威逼利诱,auth,5
威震天下,auth,0
娘娘,auth,4
婆婆,auth,80
婢女,auth,2
嫡系,auth,3
孙中山,auth,122
孙逸仙,auth,0
孝亲,auth,0
孝悌,auth,0
孝敬,auth,2
孝道,auth,0
孝顺,auth,1
孝顺父母,auth,0
学员,auth,306
学衔,auth,0
守则,auth,40
守备,auth,13
守法,auth,90
守节,auth,0
守规矩,auth,0
安分守己,auth,3
安史之乱,auth,1
安检,auth,0
安理会,auth,618
安禄山,auth,0
宗室,auth,13
宗师,auth,1
宗庙,auth,3
宗教仪式,auth,11
宗教法庭,auth,3
宗正,auth,3
官员,auth,867
官学,auth,0
官家,auth,3
官府,auth,16
官房长官,auth,30
官爵,auth,1
官署,auth,2
官职,auth,10
官衔,auth,9
官逼民反,auth,0
官阶,auth,0
定鼎,auth,0
审判,auth,558
审判权,auth,21
审处,auth,0
宣示,auth,1
宪兵,auth,33
宪兵队,auth,1
宪法监护委员会,auth,0
宫廷,auth,24
宰制,auth,0
家庭和谐,auth,0
家童,auth,0
家臣,auth,4
家长,auth,234
容许,auth,118
宽赦,auth,0
富国强兵,auth,6
寡头,auth,1
寡头政治,auth,5
对亲,auth,0
封建礼教,auth,7
封爵,auth,2
封疆,auth,0
封邑,auth,0
将军,auth,406
将帅,auth,4
将领,auth,49
尊从,auth,0
尊号,auth,1
尊奉,auth,0
尊师,auth,9
尊师爱徒,auth,3
尊师贵道,auth,0
尊意,auth,0
尊称,auth,6
尊老爱幼,auth,2
尊者,auth,1
尊荣,auth,1
尊贵,auth,3
尊长,auth,3
尊驾,auth,0
小老婆,auth,0
小集团,auth,15
少奶奶,auth,4
少将,auth,125
少尉,auth,0
少校,auth,15
少爷,auth,5
尚方剑,auth,0
尚方宝剑,auth,4
就职,auth,27
就范,auth,5
尾大不掉,auth,0
局长,auth,368
层级,auth,0
居住证,auth,0
居官,auth,4
属下,auth,4
崇敬,auth,105
州长,auth,139
巡警,auth,0
巡逻,auth,136
巡逻队,auth,24
工人阶级,auth,471
工作部,auth,13
巨头,auth,1
巨擘,auth,0
差使,auth,3
巴黎公社,auth,39
布防,auth,3
布雷顿森林,auth,0
师傅,auth,133
师兄,auth,0
师弟,auth,0
师徒,auth,8
师母,auth,0
师父,auth,0
师生,auth,155
师表,auth,1
师长,auth,108
帝制,auth,12
帝国,auth,104
帝国主义,auth,1037
帝王,auth,35
帝王谱,auth,0
带头,auth,376
带领,auth,778
常委,auth,480
幕府,auth,5
干校,auth,51
干警,auth,50
干部,auth,9816
平靖,auth,0
年兄,auth,0
年尊,auth,0
幽禁,auth,0
应仁之乱,auth,0
应从,auth,51
应天承运,auth,0
应诏,auth,0
庙堂,auth,2
庚子国变,auth,0
废弛,auth,7
廉政,auth,0
廉政公署,auth,0
廉洁勤政,auth,0
廉署,auth,0
延安,auth,576
廷尉,auth,1
开国,auth,19
开国功臣,auth,3
开山祖师,auth,0
开除党籍,auth,61
异教,auth,0
异端者,auth,0
异见,auth,0
异见者,auth,0
异言,auth,0
异议,auth,24
异议人士,auth,0
异议分子,auth,0
异议者,auth,0
弑父,auth,1
弟子,auth,16
强嘴,auth,0
强国,auth,301
强权政治,auth,25
归案,auth,18
归附,auth,2
当家,auth,36
当局,auth,4647
当权派,auth,10
彝宪,auth,0
役使,auth,1
征兵,auth,92
征剿,auth,0
征发,auth,0
征召,auth,6
律政司,auth,0
徙木立信,auth,0
御敌,auth,0
御酒,auth,0
微臣,auth,0
德政,auth,10
德治,auth,5
心悦诚服,auth,8
忠君,auth,2
忠君报国,auth,0
忠君爱国,auth,0
忠臣,auth,18
忤逆不孝,auth,0
性禁忌,auth,0
总主教,auth,0
总参谋长,auth,235
总司令,auth,141
总监,auth,19
总督,auth,142
总社,auth,38
总经理,auth,103
总统,auth,4992
总统府,auth,136
总裁,auth,99
恐怖分子,auth,9
恐怖组织,auth,1
恩准,auth,1
恩威兼施,auth,0
恩师,auth,0
恩赐,auth,21
恪遵,auth,0
恭敬不如从命,auth,0
恶搞文化,auth,0
悴奴,auth,0
惟恐天下不乱,auth,0
惠政,auth,0
惠民,auth,40
惠民服务,auth,0
惩一儆百,auth,0
惩治,auth,38
懿旨,auth,0
戎行,auth,0
戒律,auth,19
戒条,auth,0
戒规,auth,0
战区,auth,187
手下,auth,26
打拱作揖,auth,1
打黑,auth,0
执政,auth,198
执政党,auth,119
执照,auth,10
批复,auth,19
批改,auth,6
批示,auth,84
批阅,auth,22
承顺,auth,0
抓获,auth,20
抓贼,auth,1
抓走,auth,42
投案,auth,4
抗争,auth,12
抗命,auth,1
抗拒,auth,68
抗捐,auth,1
抗日战争,auth,284
抗税,auth,4
抗议,auth,415
抗诉,auth,48
抗辩,auth,0
护国军,auth,2
护国战争,auth,0
护国运动,auth,0
护法战争,auth,0
报到,auth,12
报官,auth,0
报审,auth,0
报帐,auth,0
报案,auth,6
报警,auth,9
抱残守缺,auth,8
抵制,auth,379
抵抗,auth,204
担任,auth,1221
担当,auth,43
拒捕,auth,11
拖堂,auth,1
拘押,auth,5
拘拿,auth,0
拘捕,auth,17
拘票,auth,0
招募,auth,11
招安,auth,0
招降纳叛,auth,4
拜见,auth,1
拜谒,auth,6
拥戴,auth,10
拨正,auth,3
拷掠,auth,0
拿着鸡毛当令箭,auth,0
持不同政见者,auth,0
挂帅,auth,103
指导,auth,1066
指导者,auth,5
指战员,auth,564
指手划脚,auth,16
指挥中心,auth,0
指挥官,auth,36
指挥有方,auth,0
指挥部,auth,230
挥师,auth,7
捕拿,auth,0
授勋,auth,18
授命,auth,2
授权,auth,61
授衔,auth,1
掌控,auth,0
掌玺官,auth,0
掌管,auth,14
排列名次,auth,0
排列次序,auth,0
排名榜,auth,0
排名表,auth,0
排行,auth,1
排长,auth,152
接班,auth,17
控制权,auth,11
推尊,auth,0
推恩,auth,0
推戴,auth,0
提干,auth,19
提挈,auth,2
提督,auth,0
揪送,auth,0
搜捕,auth,17
摊派,auth,29
擅自,auth,144
擅闯,auth,0
操作规程,auth,47
操纵,auth,126
支配力,auth,0
支配权,auth,12
收编,auth,5
改革创新,auth,0
放肆,auth,30
放荡不羁,auth,0
政令,auth,19
政府,auth,4667
政府机关,auth,0
政敌,auth,1
政教,auth,12
政教合一,auth,4
政权,auth,1123
政治异议,auth,0
政治运动,auth,0
政治部,auth,103
政法,auth,135
政派,auth,3
政见,auth,34
故训,auth,0
敌国,auth,4
敌我矛盾,auth,56
教主,auth,1
教会,auth,51
教宗,auth,0
教廷,auth,4
教权,auth,1
教条,auth,59
教法,auth,3
教皇,auth,80
教规,auth,5
教长,auth,7
敢不从命,auth,0
敬启,auth,0
敬告,auth,8
敬备,auth,0
敬奉,auth,1
敬悉,auth,0
敬拜,auth,0
敬服,auth,0
敬而远之,auth,8
敬茶,auth,0
敬酒不吃吃罚酒,auth,0
整治,auth,18
整肃,auth,2
斗争,auth,5184
新官上任三把火,auth,1
方丈,auth,2
方命,auth,0
无产者,auth,19
无法无天,auth,26
无秩序,auth,0
旨意,auth,22
昆仲,auth,0
晋爵,auth,0
晋级,auth,72
智囊机构,auth,0
最高法院,auth,58
有序,auth,3
有权,auth,550
服侍,auth,1
服役,auth,26
望族,auth,0
机构,auth,1346
机长,auth,3
杀一儆百,auth,3
杀虎斩蛟,auth,0
杀鸡儆猴,auth,2
杀鸡吓猴,auth,0
杀鸡警猴,auth,0
权力,auth,664
权势,auth,61
权威,auth,253
权柄,auth,1
权钥,auth,0
权限,auth,78
李自成,auth,16
村长,auth,8
条例,auth,456
条条框框,auth,66
杯酒释兵权,auth,0
枢机,auth,0
查封,auth,18
校官,auth,1
校监,auth,0
校规,auth,4
校长,auth,229
根本法,auth,2
档次,auth,1
检查,auth,1453
检阅,auth,131
次序,auth,53
次第,auth,0
次长,auth,24
正义斗争,auth,330
正宫娘娘,auth,0
步调一致,auth,21
武警,auth,0
武警战士,auth,0
殁,auth,5
殉葬,auth,3
残暴不仁,auth,1
母权制,auth,1
毒枭,auth,0
毒贩,auth,1
民变,auth,0
民警,auth,154
没大没小,auth,0
治军,auth,15
治国,auth,23
治安,auth,149
治理,auth,235
治罪,auth,22
法令,auth,392
法制,auth,1052
法学家,auth,5
法家,auth,16
法庭,auth,249
法律,auth,2000
法案,auth,80
法治,auth,41
法网,auth,11
法轮功,auth,0
法院,auth,314
法院裁决,auth,0
泥古不化,auth,0
洋务派,auth,0
派出所,auth,174
海关,auth,32
海军少校,auth,0
淫威,auth,30
清官,auth,25
清廉为官,auth,0
清理队伍,auth,0
渠魁,auth,0
温驯,auth,0
满孝,auth,2
点检,auth,0
照办,auth,62
煽动,auth,370
煽动颠覆国家,auth,0
燕太子丹,auth,2
爱国主义,auth,174
爱戴,auth,97
爱民如子,auth,0
爵位,auth,5
爵禄,auth,0
父权制,auth,1
牝鸡牡鸣,auth,0
牵头,auth,3
特别提款权,auth,0
特权,auth,251
特种警察,auth,0
特警,auth,0
犯上作乱,auth,4
独夫民贼,auth,1
独尊,auth,2
独尊儒术,auth,0
独裁,auth,90
独裁主义,auth,0
独裁者,auth,37
独霸,auth,5
独霸一方,auth,0
猖猖狂狂,auth,0
猛将,auth,2
猪仔馆,auth,0
玄武门之变,auth,0
率领,auth,1077
王后,auth,61
王太后,auth,0
王室,auth,27
王朝,auth,91
王道,auth,0
环保局,auth,0
现役,auth,7
班主任,auth,64
班长,auth,295
理事,auth,78
瑷珲条约,auth,0
生荣死哀,auth,0
甲第,auth,0
申奏,auth,0
申状,auth,0
申辩,auth,22
百善孝为先,auth,0
百行孝为先,auth,0
皇上,auth,2
皇后,auth,29
皇室,auth,6
皇家骑警,auth,0
皇帝,auth,159
皇恩,auth,0
监制,auth,0
监察,auth,40
监查,auth,0
监牧,auth,0
监督,auth,716
监督管理委员会,auth,0
监管,auth,11
监视,auth,133
直属,auth,66
直辖,auth,7
相互和谐,auth,0
相国,auth,16
相夫教子,auth,0
省直管县,auth,0
省长,auth,118
督促,auth,74
督军,auth,0
督办,auth,1
督察,auth,0
督建,auth,0
督抚,auth,3
督责,auth,0
瞎指挥,auth,399
瞻拜,auth,0
知人善任,auth,12
知法守法,auth,0
知法懂法,auth,0
破四旧,auth,0
破戒,auth,0
碍难从命,auth,0
磕头,auth,20
示威,auth,369
示威游行,auth,181
礼坏乐崩,auth,0
礼敬,auth,0
社会等级,auth,0
社会阶层,auth,7
社稷,auth,6
神圣罗马帝国,auth,0
神权,auth,7
神舆,auth,0
祸首,auth,5
祸首罪魁,auth,0
禁制,auth,0
禁制令,auth,0
禁止,auth,295
禁止令行,auth,0
禁足,auth,0
秉承,auth,8
种姓制,auth,0
种姓制度,auth,0
科长,auth,61
秘密警察,auth,19
秩序,auth,474
积习,auth,2
穷山恶水,auth,1
空军一号,auth,0
空军司令,auth,8
窃权,auth,0
章程,auth,135
等第,auth,0
等级,auth,91
等级制度,auth,3
签呈,auth,0
管制,auth,134
管手管脚,auth,0
管教无方,auth,0
管束,auth,5
管治,auth,0
管理员,auth,36
篝火狐鸣,auth,0
粪青,auth,0
精神领袖,auth,2
紧箍咒,auth,31
红巾军,auth,0
红衣主教,auth,9
约法,auth,3
纲领,auth,220
练兵,auth,55
组长,auth,125
终审,auth,14
经理,auth,162
结党营私,auth,7
绕膝,auth,0
绝食,auth,22
统制,auth,2
统属,auth,1
统帅,auth,34
统御,auth,0
统战,auth,54
统战部,auth,56
统摄,auth,0
统治,auth,869
统治权,auth,5
统辖,auth,0
统领,auth,0
统驭,auth,0
维新派,auth,7
维权,auth,0
维权人士,auth,0
绿林,auth,0
缉拿,auth,1
缉捕,auth,1
缉获,auth,0
编制,auth,163
网管员,auth,0
罢市,auth,13
罢黜百家,auth,1
群雄,auth,8
群雄逐鹿,auth,0
翘首,auth,9
老佛爷,auth,0
老大,auth,29
老太爷,auth,0
老板,auth,43
老爷,auth,75
耕奴,auth,0
职位,auth,79
职务,auth,455
职权,auth,130
职级,auth,0
联军,auth,5
联合,auth,1900
联合国,auth,2015
联合国安全理事会,auth,44
联合政府,auth,18
聚义,auth,0
育人,auth,2
臣仆,auth,0
臣妾,auth,0
自首,auth,21
至高,auth,0
致意,auth,96
舍车保帅,auth,1
舜日尧年,auth,0
舰长,auth,6
船长,auth,63
良民,auth,1
良法善治,auth,0
良臣,auth,0
节度使,auth,2
芝麻官,auth,1
英勇斗争,auth,83
英联邦,auth,86
药监局,auth,0
获准,auth,15
获刑,auth,0
营盘,auth,1
营长,auth,62
落入法网,auth,1
董事,auth,15
藩镇,auth,1
虞舜,auth,1
蠲除苛政,auth,0
蠹吏,auth,0
蠹政,auth,0
行令,auth,0
行孝道,auth,0
行政权,auth,3
行辈,auth,0
街头霸王,auth,0
衣钵,auth,19
表彰,auth,354
被捕,auth,237
裁兵,auth,0
裁决,auth,56
裁判,auth,52
裁定,auth,102
要职,auth,9
规例,auth,1
规制,auth,0
规复,auth,0
规定,auth,3561
规条,auth,1
规章,auth,34
规谏,auth,0
誓师,auth,1
警力,auth,0
警备区,auth,9
警官,auth,4
警察,auth,263
警察局,auth,18
警政署,auth,0
警方,auth,12
计划生育,auth,376
讨平,auth,0
训令,auth,3
训导职务,auth,0
训条,auth,0
训示,auth,0
训话,auth,2
议员,auth,498
许可,auth,70
许可证,auth,28
许嫁,auth,0
证监会,auth,0
诛锄异己,auth,0
诫命,auth,0
误判,auth,0
请安,auth,1
诸侯,auth,9
调防,auth,0
谋反,auth,1
谨上,auth,0
豪强,auth,2
财阀,auth,1
责令,auth,38
责罚,auth,0
贤妻良母,auth,0
贪官,auth,5
贱民,auth,2
贵族,auth,65
赃物,auth,38
资产阶级,auth,1523
赐死,auth,1
赡养义务,auth,0
赦罪,auth,0
走卒,auth,42
起义,auth,280
越权,auth,2
越级,auth,17
跟班,auth,17
跪拜,auth,3
身价,auth,5
转干,auth,0
辅弼,auth,1
辈分,auth,0
辖制,auth,0
达官,auth,0
达官显贵,auth,1
达官贵人,auth,5
达鲁花赤,auth,0
迂腐,auth,0
近臣,auth,1
违令,auth,1
违傲,auth,0
违命,auth,1
违忤,auth,0
违拗,auth,0
违逆,auth,1
连卺,auth,0
连横,auth,1
连队,auth,312
迫令,auth,0
追赃,auth,2
逃窜,auth,29
逆贼,auth,4
逊顺,auth,0
逐鹿,auth,0
通缉,auth,12
造反派,auth,25
逼上梁山,auth,8
遵令,auth,0
遵命,auth,3
遵奉,auth,1
遵循,auth,206
遵旨,auth,0
遵法施行,auth,0
遵纪守法,auth,88
遵行,auth,1
邦国,auth,0
郡治,auth,0
部下,auth,27
部众,auth,1
部属,auth,12
部长,auth,3879
部队,auth,3639
都会,auth,0
都尉,auth,0
都督,auth,3
酋长,auth,10
酋长国,auth,1
释典,auth,0
重惩,auth,0
重用,auth,64
金枝玉叶,auth,0
钦佩,auth,86
钦定,auth,7
长官,auth,138
长老,auth,28
长辈,auth,14
门派,auth,0
门生,auth,4
门风,auth,1
闯王,auth,2
阅兵,auth,6
队长,auth,398
防务,auth,486
防控,auth,0
防暴警察,auth,2
防盗,auth,3
阶级斗争,auth,1066
阿哥,auth,1
附属,auth,66
院士,auth,18
院长,auth,603
除恶务尽,auth,1
隶属,auth,25
集权,auth,12
雍正,auth,5
霸主,auth,38
霸权,auth,378
静坐抗议,auth,0
革职,auth,3
顶拜,auth,0
顶撞,auth,9
顺服,auth,0
顺次,auth,1
顺治,auth,0
顽民,auth,0
领导,auth,10503
领导人,auth,2458
领导者,auth,148
领导集体,auth,3
领袖,auth,670
领队,auth,44
颐指气使,auth,4
颐指风使,auth,0
颛顼,auth,0
颠覆,auth,198
颠覆国家,auth,0
颠覆政府,auth,0
颠覆政府罪,auth,0
饮流怀源,auth,0
首县,auth,0
首席,auth,42
首席执行官,auth,0
首脑,auth,239
首领,auth,12
驯从,auth,0
驳斥,auth,294
驻守,auth,35
驾御,auth,0
骊姬之乱,auth,0
骚乱者,auth,0
高官厚禄,auth,7
高官显爵,auth,0
高干,auth,14
高薪养廉,auth,0
高贵,auth,93
魁元,auth,2
魁首,auth,0
魔头,auth,0
黄巢之乱,auth,0
黄巾,auth,1
黄巾之乱,auth,0
黄巾军,auth,0
黄巾民变,auth,0
黄巾起义,auth,1
黄炎贵胄,auth,0
遵照,auth,140
遵守,auth,465
遵从,auth,2
尊崇,auth,7
祖先,auth,67
种姓,auth,1
衷心,auth,204
忠顺,auth,1
资产,auth,89
指令,auth,44
指挥,auth,891
职称,auth,55
支配,auth,196
之母,auth,12
之父,auth,1
掌权,auth,34
责任,auth,1070
允许,auth,1087
依法,auth,261
依从,auth,0
唯命是从,auth,8
威权,auth,2
听从,auth,70
顺从,auth,16
市民,auth,189
荣誉,auth,208
屈服,auth,74
屈从,auth,24
排名,auth,1
省亲,auth,3
命令,auth,577
控制,auth,1893
敬重,auth,15
敬仰,auth,37
敬畏,auth,0
阶级,auth,1322
阶层,auth,58
级别,auth,68
合法,auth,373
国父,auth,3
规矩,auth,40
归顺,auth,1
管辖,auth,97
管理,auth,4467
恭顺,auth,1
恭敬,auth,2
高高在上,auth,15
俯首帖耳,auth,3
服从,auth,420
法定,auth,51
奠基者,auth,5
奠基人,auth,16
地位,auth,1118
崇拜,auth,25
臣服,auth,3
鼻祖,auth,4
百依百顺,auth,1
造反,auth,64
异端,auth,15
犯上,auth,2
忤逆,auth,0
不从,auth,0
无礼,auth,1
违抗,auth,15
违反,auth,748
违规,auth,0
违纪,auth,2
违章,auth,23
挑衅,auth,351
骚乱,auth,45
骚动,auth,13
揭发,auth,216
告发,auth,8
举报,auth,0
推翻,auth,438
叛逃,auth,3
目无法纪,auth,4
藐视,auth,16
埋怨,auth,67
离经叛道,auth,11
离间,auth,22
格格不入,auth,29
拒绝,auth,774
桀骜不驯,auth,0
抗法,auth,35
妨碍,auth,315
反叛,auth,7
反抗,auth,307
斥责,auth,51
不同政见,auth,0
不忠实,auth,1
不同意见,auth,0
不顺从,auth,0
不守规矩,auth,0
不敬,auth,2
暴乱,auth,20
暴动,auth,73
抱怨,auth,52
万众一心,loya,46
三角恋爱,loya,0
不分彼此,loya,3
不安其室,loya,0
不履行义务,loya,0
不平等条约,loya,0
不忘国耻,loya,0
不忠不义,loya,0
不忠不孝,loya,0
不渝,loya,0
不诚信,loya,0
不辨忠奸,loya,0
世界海关组织,loya,0
东洋鬼子,loya,0
丢下,loya,41
两相情愿,loya,0
个人崇拜,loya,0
中间派,loya,11
丹心,loya,28
主仆,loya,3
主子,loya,107
义不容辞,loya,33
义务,loya,460
义务兵,loya,0
义务感,loya,0
义字当头,loya,0
义愤填胸,loya,0
义气,loya,3
义薄云天,loya,0
乡亲,loya,15
乱党,loya,4
二奶,loya,0
二心,loya,1
二鬼子,loya,0
互信,loya,0
五四爱国运动,loya,0
交谊,loya,2
亲信,loya,36
亲属,loya,227
亲情,loya,1
亲戚,loya,56
人民公敌,loya,0
人民公社,loya,411
什叶派,loya,46
仁人志士,loya,6
仁至义尽,loya,3
从一而终,loya,0
仗义,loya,1
以身报国,loya,0
众志成城,loya,4
会众,loya,0
伴侣,loya,17
体团,loya,0
余党,loya,15
作乱,loya,5
作伴,loya,5
作合,loya,0
作对,loya,6
作誓,loya,0
俘获,loya,34
保卫祖国,loya,233
保守派,loya,4
信义,loya,9
信从,loya,0
信任,loya,379
信守,loya,26
信守承诺,loya,0
信得过,loya,90
信赖,loya,69
倒戈,loya,12
倒打一耙,loya,18
假途灭虢,loya,0
偷情,loya,0
催讨,loya,1
兄弟义气,loya,0
兄弟阋墙,loya,1
光宗耀祖,loya,1
光荣,loya,700
克己奉公,loya,16
党人,loya,2
党同伐异,loya,0
党徒,loya,3
党性,loya,221
入伙,loya,2
公共团体,loya,0
公忠体国,loya,0
公敌,loya,5
公正清廉,loya,0
共产党员,loya,858
共同体,loya,520
共同利益,loya,74
共和党,loya,121
共赴,loya,0
兵变,loya,15
兵团,loya,79
兵役,loya,10
兵权,loya,0
养汉,loya,0
内乱,loya,8
内人,loya,0
内奸,loya,17
内鬼,loya,0
出卖,loya,78
前仆后继,loya,19
力战,loya,1
劳动人民,loya,0
勇于牺牲,loya,0
勿忘国耻,loya,0
匹夫有责,loya,8
协力,loya,34
协约国,loya,6
卑鄙无耻,loya,2
卖命,loya,30
卖国,loya,43
卖国贼,loya,39
卧底,loya,0
卫国,loya,41
卫士,loya,11
卸磨杀驴,loya,0
友军,loya,2
友爱,loya,19
友谊,loya,2310
反叛分子,loya,0
反围剿,loya,0
反水,loya,1
反目成仇,loya,0
反间谍,loya,7
发誓,loya,13
取信于民,loya,90
叛乱,loya,84
叛乱罪,loya,0
叛军,loya,7
叛匪,loya,0
叛卖,loya,1
叛变,loya,33
叛国罪,loya,2
叛贼,loya,0
叛逆者,loya,1
可信,loya,13
吃皇粮,loya,0
合众为一,loya,0
合作,loya,3310
合作互惠,loya,0
同乡亲故,loya,0
同僚,loya,4
同床异梦,loya,4
同甘共苦,loya,76
同甘苦,loya,11
同窗,loya,1
同胞,loya,204
同道者,loya,0
名誉,loya,122
听话,loya,8
听随,loya,0
告密者,loya,2
告状,loya,30
和睦相处,loya,24
和衷共济,loya,4
哥们义气,loya,1
因公殉职,loya,0
团体,loya,610
团员,loya,210
团契,loya,0
团结,loya,2321
围护,loya,1
国事,loya,17
国人,loya,5
国土,loya,242
国家兴亡,loya,3
国庆,loya,419
国旗,loya,238
国界线,loya,3
国联,loya,15
国蠹,loya,0
国贼,loya,11
圣战,loya,7
地久天长,loya,0
坚贞,loya,11
坚贞不渝,loya,2
外人,loya,14
外国人,loya,201
外地人,loya,2
外御其侮,loya,1
外来人,loya,2
大紫荆勋章,loya,0
天下兴亡,loya,5
天长地久,loya,1
夫妻和睦,loya,0
夷狄,loya,0
奉公廉洁,loya,0
奉献,loya,4
奋勇杀敌,loya,0
奸党,loya,0
奸官污吏,loya,0
奸细,loya,3
奸臣,loya,10
奸贼,loya,7
奸险,loya,2
妻室,loya,0
娘子,loya,2
娘家,loya,13
婚事,loya,20
婚嫁,loya,1
婚恋,loya,0
婚礼,loya,44
婚配,loya,0
媚外,loya,0
嫁娶,loya,0
嫁狗随狗,loya,0
嫁鸡随鸡,loya,0
孝为先,loya,0
孤忠,loya,0
守业,loya,4
守分,loya,0
守土,loya,0
守土有责,loya,0
守敌,loya,61
守旧派,loya,0
守正不阿,loya,0
守法,loya,90
守职,loya,0
守身如玉,loya,0
宗庙,loya,3
宗教团体,loya,4
宗教徒,loya,3
宗族,loya,4
宗派,loya,40
宣誓,loya,68
家丑不可外传,loya,0
家室,loya,1
家庭和谐,loya,0
家门,loya,34
对立,loya,289
将才,loya,1
小集团,loya,15
少数民族,loya,999
就义,loya,20
尽忠,loya,0
尽忠尽职,loya,0
尽职,loya,2
履约,loya,8
山头主义,loya,5
山盟海誓,loya,0
崇洋媚外,loya,8
左右逢源,loya,2
帮手,loya,2
帮教,loya,35
帮派,loya,76
平叛,loya,2
廉洁,loya,6
廉洁公正,loya,0
廉洁奉公,loya,37
廉洁清正,loya,0
廉洁纪律,loya,0
廉直,loya,0
开国功臣,loya,3
异心,loya,0
异教徒,loya,2
异见者,loya,0
弃义,loya,0
弟兄,loya,18
归国,loya,67
归属,loya,21
归属感,loya,0
归心,loya,2
征兵,loya,92
心腹,loya,31
志同道合,loya,14
忘义,loya,0
忘恩负义,loya,13
忠义,loya,7
忠于,loya,185
忠于人民,loya,0
忠于国家,loya,0
忠于职守,loya,10
忠信,loya,3
忠勇,loya,0
忠厚,loya,7
忠厚老实,loya,3
忠君,loya,2
忠君报国,loya,0
忠实,loya,202
忠心,loya,14
忠心不二,loya,0
忠心报国,loya,0
忠心耿耿,loya,49
忠心赤胆,loya,1
忠烈,loya,1
忠烈祠,loya,0
忠肝义胆,loya,0
忠臣义士,loya,0
忠臣良将,loya,0
忠良,loya,14
忠节,loya,0
忠言,loya,3
忠言逆耳,loya,1
忠诚,loya,187
忠诚为民,loya,0
忠诚之心,loya,0
忠诚勇敢,loya,0
忠诚可靠,loya,0
忠诚老实,loya,8
忠贞不二,loya,4
忠贞不屈,loya,0
忠贞不渝,loya,4
忠贞不贰,loya,0
忠贞爱国,loya,0
忠贞爱情,loya,0
忠骨,loya,9
忠魂,loya,9
忤逆不孝,loya,0
怀恨,loya,0
恪守,loya,19
悔婚,loya,0
患难之交,loya,3
情义,loya,4
情同手足,loya,3
情同骨肉,loya,0
情妇,loya,0
情有独钟,loya,0
愚忠,loya,0
慷慨赴义,loya,0
成仁取义,loya,0
战友,loya,551
战士,loya,2249
戚族,loya,0
戮力同心,loya,0
所属,loya,383
手足亲情,loya,0
扶清灭洋,loya,0
投军,loya,1
投奔,loya,44
投敌,loya,17
投靠,loya,36
抗战,loya,186
抗日救亡,loya,17
抛下,loya,2
抟沙,loya,0
护国战,loya,0
护国战争,loya,0
护法战争,loya,0
披肝沥胆,loya,1
抱团,loya,0
拉钩,loya,0
招安,loya,0
招降纳叛,loya,4
拜天地,loya,0
拱卫,loya,1
挚友良朋,loya,0
挟洋自重,loya,0
捐躯,loya,3
损公肥私,loya,6
授勋,loya,18
排他,loya,0
排外,loya,7
提携,loya,3
搬唇递舌,loya,0
摇旗呐喊,loya,5
操守,loya,0
攀亲,loya,1
故土,loya,11
故训,loya,0
效劳,loya,96
效忠,loya,8
敌军,loya,173
敌台,loya,0
敌害,loya,3
敌对,loya,86
敌情,loya,49
敌手,loya,3
敌方,loya,22
敌特,loya,22
敌视,loya,80
敌阵,loya,54
救国,loya,185
教友,loya,0
教徒,loya,19
教民,loya,1
教派,loya,30
族人,loya,19
族类,loya,0
族群,loya,0
无信义,loya,0
无情无义,loya,1
无耻小人,loya,0
旧部,loya,1
旨意,loya,22
更和谐,loya,0
有难同当,loya,0
朋党,loya,1
朋友义气,loya,0
本土派,loya,0
杀敌,loya,62
杀熟,loya,0
杀虎斩蛟,loya,0
杀身成仁,loya,0
树倒猢狲散,loya,1
检举,loya,55
歃血,loya,1
武警战士,loya,0
死党,loya,85
死守,loya,13
死忠,loya,0
死战,loya,0
死敌,loya,2
殉情,loya,0
殉节,loya,0
殊荣,loya,0
毁家纾难,loya,0
氏族,loya,9
民族,loya,4441
民族主义,loya,80
民族气节,loya,4
水兵,loya,10
求婚,loya,3
汉奸,loya,18
江湖义气,loya,3
污吏,loya,1
法定义务,loya,0
洋人,loya,9
派别,loya,55
派性,loya,319
海瑞,loya,72
海誓山盟,loya,1
清廉自守,loya,0
清正廉明,loya,0
清风两袖,loya,0
清高,loya,0
渎职,loya,14
溃逃,loya,31
满门忠烈,loya,0
灭此朝食,loya,0
烈士,loya,475
热爱祖国,loya,68
爱人,loya,255
爱国,loya,570
爱国主义,loya,174
爱国如家,loya,0
爱国者,loya,103
爱岗敬业,loya,0
爱戴,loya,97
特务,loya,282
牺牲,loya,452
牺牲品,loya,11
牺牲者,loya,14
献出,loya,144
生土,loya,1
番邦,loya,3
疏忽职守,loya,0
病友,loya,8
百越,loya,0
皇恩,loya,0
益友,loya,8
盟员,loya,27
盟约,loya,6
盟邦,loya,1
目无组织,loya,0
相互信任,loya,11
相公,loya,0
相濡以沫,loya,0
相爱,loya,9
眼线,loya,2
知情不报,loya,0
碍难从命,loya,0
社区,loya,1
社员,loya,6094
社团,loya,11
社群,loya,0
祖国,loya,2872
私谋叛国,loya,0
种族主义,loya,372
种族主义者,loya,33
种族歧视,loya,48
窃权,loya,0
策反,loya,5
篡党,loya,7
篡立,loya,0
篡逆,loya,0
精诚,loya,0
红杏出墙,loya,1
线人,loya,0
细作,loya,3
结义,loya,1
结党,loya,1
结党营私,loya,7
结婚,loya,198
结队,loya,3
绝情寡义,loya,0
统一战线,loya,496
群众团体,loya,65
群众组织,loya,76
老乡,loya,46
老伴,loya,94
老外,loya,0
老实忠厚,loya,0
耿耿忠心,loya,1
职责,loya,175
联盟,loya,723
股肱,loya,0
背义,loya,0
背信,loya,2
背叛者,loya,0
背离人民,loya,0
胳膊肘朝外拐,loya,0
腐败,loya,45
舍生忘死,loya,13
舍车保帅,loya,1
良友,loya,3
良禽择木而栖,loya,0
英勇作战,loya,19
英勇奋战,loya,0
英勇就义,loya,0
英勇战斗,loya,0
英勇牺牲,loya,0
英勇献身,loya,35
英雄,loya,1468
荣幸,loya,55
荣耀,loya,4
薄养厚葬,loya,0
薄情寡义,loya,0
藏族,loya,152
虽死犹荣,loya,0
蠹国害民,loya,0
血肉相连,loya,29
血脉,loya,4
衣锦荣归,loya,0
见利忘义,loya,0
见利思义,loya,0
见外,loya,1
见异思迁,loya,0
誓师,loya,1
誓死,loya,5
誓死效忠,loya,0
誓约,loya,0
誓言,loya,81
誓词,loya,4
认贼作父,loya,0
讲义气,loya,0
许诺,loya,52
诚服,loya,0
诚笃,loya,0
诛锄异己,loya,0
诡诈,loya,3
谏征,loya,0
谨守,loya,0
貌合心离,loya,0
负心,loya,0
贤妻良母,loya,0
贪官,loya,5
贪官污吏,loya,6
贪腐,loya,0
贼窝,loya,0
赃官污吏,loya,0
赤胆忠心,loya,24
赤胆忠诚,loya,0
赤诚相见,loya,0
走狗,loya,80
起誓,loya,1
转战千里,loya,0
转面无情,loya,0
轻诺寡信,loya,1
辅弼,loya,1
违恩负义,loya,0
违言,loya,0
连手,loya,1
追随者,loya,30
逆产,loya,0
逆我者亡,loya,6
逆贼,loya,4
道义,loya,42
邦交,loya,87
部族,loya,35
里勾外连,loya,0
重义,loya,0
重义气,loya,0
重情义,loya,1
重情重义,loya,0
重色轻友,loya,0
锄奸,loya,1
门生,loya,4
间谍网,loya,3
阳奉阴违,loya,13
阵营,loya,27
难兄难弟,loya,3
靖乱,loya,0
靖国神社,loya,0
革出教门,loya,0
顺我者昌,loya,6
顺治,loya,0
领土,loya,1287
驻军,loya,245
骨肉,loya,31
骨血,loya,0
高山族,loya,31
鬼子,loya,11
黄花岗七十二烈士,loya,0
黑鬼,loya,0
自己人,loya,0
自家人,loya,7
咱们,loya,169
支持,loya,4150
一致,loya,1196
一员,loya,42
一起,loya,2910
业内,loya,0
协约,loya,1
协会,loya,996
团队,loya,7
统一,loya,2606
同志,loya,22763
同心,loya,8
同德,loya,2
同事,loya,74
同盟,loya,159
同类,loya,67
同侪,loya,0
同辈,loya,5
同伴,loya,34
世代相传,loya,22
社会,loya,4425
群体,loya,8
全体,loya,828
圈子,loya,24
圈内,loya,3
齐心,loya,26
心齐,loya,8
派系,loya,35
内部,loya,1192
盟友,loya,107
联手,loya,0
联结,loya,77
连同,loya,73
结盟,loya,120
结合,loya,1665
家族,loya,93
家庭,loya,861
家人,loya,69
继承,loya,449
集团,loya,1197
集体,loya,2696
伙伴,loya,105
会员,loya,196
行会,loya,2
国民,loya,407
国家,loya,18341
亲密,loya,170
共用,loya,17
共同,loya,1860
公社,loya,4870
公会,loya,12
公共,loya,122
工会,loya,390
队伍,loya,913
党员,loya,1276
成员,loya,983
异族,loya,10
异己,loya,8
恶棍,loya,14
混蛋,loya,5
移民,loya,222
邪说,loya,3
邪教,loya,0
危害国家,loya,0
外国,loya,2346
脱党,loya,2
退党,loya,17
叛党,loya,12
通敌,loya,1
逃亡,loya,60
逃兵,loya,14
双开,loya,1
双规,loya,0
舍弃,loya,7
擅离,loya,5
欺瞒,loya,0
抛弃,loya,144
叛徒,loya,188
叛离,loya,0
叛教,loya,0
叛国,loya,32
离弃,loya,0
开除,loya,95
间谍,loya,152
辜负,loya,123
异类,loya,0
另类,loya,0
个别人,loya,65
敌人,loya,3757
单独,loya,160
出头鸟,loya,0
不忠,loya,0
不守信,loya,0
不法,loya,5
变节,loya,3
背信弃义,loya,97
背弃,loya,17
背叛,loya,88
暴恐,loya,0
一人得道,fair,5
鸡犬升天,fair,7
一刀两断,fair,7
一吐为快,fair,0
一步登天,fair,8
一清二白,fair,1
一纸空文,fair,23
一言九鼎,fair,1
三民主义,fair,9
上下其手,fair,1
上当,fair,34
不义之财,fair,4
不人道,fair,27
不信用,fair,0
不值一文,fair,0
不偏不倚,fair,6
不偏斜,fair,0
不做亏心事,fair,0
不公正,fair,0
不劳无获,fair,0
不劳而获,fair,9
不合法,fair,0
不啻天渊,fair,0
不平则鸣,fair,2
不平等条约,fair,0
不当得利,fair,0
不怕鬼敲门,fair,0
不愧不怍,fair,0
不正当竞争,fair,0
不法分子,fair,7
不白之冤,fair,31
不知悔改,fair,0
不经之谈,fair,0
不见天日,fair,0
不讳,fair,1
不许百姓点灯,fair,2
不辨忠奸,fair,0
不饶恕,fair,0
两厢情愿,fair,4
两袖清风,fair,1
两面三刀,fair,7
严惩,fair,47
严惩不贷,fair,0
严明,fair,29
中立,fair,152
临时抱佛脚,fair,0
为官不仁,fair,0
为政清廉,fair,0
主持正义,fair,144
义举,fair,0
义怒,fair,0
义愤,fair,63
义行,fair,0
乔装打扮,fair,8
乘虚而入,fair,9
争夺,fair,448
事实,fair,1482
互利互惠,fair,2
互惠,fair,20
互惠双赢,fair,0
互惠性,fair,0
互通有无,fair,35
人人有责,fair,18
人多势众,fair,2
人民法院,fair,675
人民警察,fair,22
人身权,fair,0
人面兽心,fair,0
仁厚,fair,0
从善如流,fair,1
仗义,fair,1
仗义执言,fair,15
仗义直言,fair,0
代价,fair,152
代偿,fair,4
代写,fair,13
以人废言,fair,0
以债养债,fair,0
以权压法,fair,0
以牙还牙,fair,3
以眼还眼,fair,2
以虚带实,fair,0
以言代法,fair,4
以身作则,fair,136
以身抵债,fair,0
任人唯亲,fair,14
任人唯贤,fair,16
任用亲信,fair,0
任贤使能,fair,0
会审,fair,6
伥鬼,fair,1
伪君子,fair,7
伪善,fair,21
估价,fair,38
伸冤,fair,10
伸张正义,fair,38
但说无妨,fair,0
佛口蛇心,fair,0
作假,fair,2
作弊,fair,44
侠义心肠,fair,0
侵袭,fair,51
信义,fair,9
信口开河,fair,16
信口胡诌,fair,0
信口胡说,fair,1
信口雌黄,fair,13
信守承诺,fair,0
信守诺言,fair,5
信用,fair,30
信誉,fair,48
信靠,fair,0
俭以养廉,fair,0
倒行逆施,fair,88
借刀杀人,fair,1
借花献佛,fair,1
倡廉,fair,0
倾轧,fair,6
假人假义,fair,0
假仁义,fair,0
假仁假义,fair,0
假公济私,fair,17
假分数,fair,0
假善人,fair,0
假意,fair,6
假慈悲,fair,0
假药,fair,3
假道伐虢,fair,0
偏信则暗,fair,4
偏宠,fair,0
偏待,fair,0
偏心,fair,3
偏心眼,fair,0
偏护,fair,0
偏狭,fair,3
偏私,fair,2
偏见,fair,70
偏辞,fair,0
偏邪不正,fair,0
偏颇,fair,5
做手脚,fair,0
做贼心虚,fair,7
偷拍,fair,1
偷梁换柱,fair,2
偷渡,fair,6
偷渡者,fair,0
偷看,fair,11
偷窃,fair,8
偷香窃玉,fair,0
偷鸡不成蚀把米,fair,0
偷鸡摸狗,fair,0
偿债,fair,0
偿清,fair,0
偿还,fair,97
充数,fair,3
先礼后兵,fair,0
兔死狐悲,fair,0
党风廉政,fair,0
公买公卖,fair,0
公事公办,fair,2
公平,fair,77
公平交易,fair,0
公报私仇,fair,0
公款送礼,fair,0
公正廉明,fair,0
公正廉洁,fair,0
公正清廉,fair,0
公民权,fair,18
公民权利,fair,26
公道,fair,33
兴利除弊,fair,2
兵不厌诈,fair,1
其人之身,fair,0
其人之道,fair,0
兼听则明,fair,7
内定,fair,0
内幕交易,fair,0
内线交易,fair,0
内线消息,fair,0
冠冕堂皇,fair,15
冤假错案,fair,114
冤头,fair,0
冤屈,fair,19
冤情,fair,7
冤抑,fair,1
冤枉,fair,43
冤案,fair,465
冤死,fair,3
冤气,fair,0
冤狱,fair,49
冤苦,fair,0
冤诬,fair,0
冤魂,fair,3
凭信,fair,0
出口气,fair,1
分权制衡,fair,0
分赃,fair,5
刑法,fair,367
划算,fair,1
刚正,fair,6
刚正不阿,fair,23
刚直,fair,3
判赔,fair,0
利令智昏,fair,4
利己,fair,7
刺客,fair,2
刻薄,fair,3
剖肝沥胆,fair,0
剥削,fair,315
劝善惩恶,fair,0
办事公道,fair,0
功高不赏,fair,0
务虚,fair,8
劣势,fair,40
助纣为虐,fair,3
勇于认错,fair,0
勤廉,fair,0
勤政廉政,fair,0
勤政廉洁,fair,0
勾心斗角,fair,8
包庇,fair,77
包拯,fair,4
包荒,fair,0
包藏祸心,fair,2
包青天,fair,3
匡扶正义,fair,0
匹配,fair,1
半推半就,fair,2
卑鄙,fair,85
占为己有,fair,0
占便宜,fair,6
厚养薄葬,fair,0
厚报,fair,0
厚此薄彼,fair,1
厚道,fair,2
原则,fair,4082
反哺,fair,0
反垄断,fair,0
反攻,fair,32
反脸无情,fair,0
反腐,fair,0
反腐倡廉,fair,0
反腐败,fair,0
反贪,fair,0
反贪腐,fair,0
反间,fair,0
反间计,fair,0
受气,fair,5
受气包,fair,0
受骗,fair,14
变心,fair,0
只许州官放火,fair,2
右袒,fair,0
司法,fair,224
司法机关,fair,91
吃亏,fair,72
吃白食,fair,0
吃闲饭,fair,2
各得其所,fair,35
合作互惠,fair,0
合同,fair,619
合情合理,fair,110
合理,fair,1223
合算,fair,35
合规,fair,0
同工同酬,fair,36
同符合契,fair,0
名不虚传,fair,12
名正言顺,fair,3
后悔,fair,20
后悔莫及,fair,2
否极泰来,fair,0
含冤,fair,70
周瑜打黄盖,fair,1
和和气气,fair,1
和盘托出,fair,5
咎有应得,fair,0
哄瞒,fair,0
哄骗,fair,7
哑巴亏,fair,0
哑巴吃黄连,fair,3
善有善报,fair,0
嗑药,fair,0
回报,fair,1
因人而异,fair,6
因果,fair,4
国法,fair,35
均摊,fair,1
均沾,fair,0
均田制,fair,0
均等,fair,14
均线,fair,0
坐收渔利,fair,1
坚守诚信,fair,0
坦承,fair,0
坦白,fair,10
坦诚相见,fair,0
垄断,fair,88
垫背,fair,0
基本原则,fair,0
塞翁失马,fair,0
声张正义,fair,0
复仇,fair,18
多行不义必自毙,fair,5
大义凛然,fair,29
大义灭亲,fair,4
大兴问罪之师,fair,0
大方,fair,32
大法官,fair,2
大锅饭,fair,98
天下归仁,fair,0
天公地道,fair,1
天妒英才,fair,0
天津条约,fair,0
天经地义,fair,21
失之东隅,fair,0
失信,fair,8
失信于人,fair,0
失信于民,fair,28
失信企业,fair,0
失信信息,fair,0
失信名单,fair,0
失信惩戒,fair,0
失信者,fair,0
失信被执行人,fair,0
失信记录,fair,0
失信黑名单,fair,0
失窃,fair,1
失职,fair,56
失道寡助,fair,7
奇谲,fair,0
奉公克己,fair,0
奉公守法,fair,11
奉公廉洁,fair,0
套取,fair,2
套话,fair,16
套语,fair,1
女权,fair,0
女权主义,fair,0
奴工,fair,0
奸党,fair,0
奸商,fair,5
奸官,fair,2
奸官污吏,fair,0
奸情,fair,0
奸猾,fair,0
奸诈,fair,7
奸险,fair,2
妒贤忌能,fair,0
妖言,fair,1
妙手空空,fair,0
姑息,fair,33
姑息养奸,fair,1
委屈,fair,35
威逼利诱,fair,5
娇宠,fair,0
娇纵,fair,5
守信,fair,167
守信用,fair,8
守法,fair,90
安富恤穷,fair,0
官官相护,fair,10
官报私仇,fair,0
实在,fair,418
实话,fair,12
宠信,fair,2
宠坏,fair,0
客套,fair,7
客气话,fair,0
客观,fair,709
宪法,fair,775
宰客,fair,0
宽仁,fair,0
宽大处理,fair,19
宽洪,fair,0
宿弊,fair,0
富农,fair,129
富贵不能淫,fair,0
对等,fair,0
小偷,fair,21
小惩大诫,fair,0
尔虞我诈,fair,2
尽忠职守,fair,0
居心,fair,5
居心叵测,fair,4
屈才,fair,1
山寨,fair,33
左右袒,fair,0
左道惑众,fair,0
师出无名,fair,2
帮腔,fair,11
平等,fair,484
平等互信,fair,0
平等互利,fair,95
平等互惠,fair,4
廉政,fair,0
廉政公署,fair,0
廉政教育,fair,0
廉洁,fair,6
廉洁公正,fair,0
廉洁勤政,fair,0
廉洁奉公,fair,37
廉洁清正,fair,0
廉洁纪律,fair,0
开后门,fair,14
开诚布公,fair,16
开门揖盗,fair,1
弄虚作假,fair,126
引入迷途,fair,0
强买强卖,fair,0
强迫劳动,fair,0
归案,fair,18
当之无愧,fair,11
形式主义,fair,174
徇私舞弊,fair,20
律法,fair,0
徙木立信,fair,0
循循善诱,fair,22
心胸宽广,fair,0
心胸狭窄,fair,1
忏悔,fair,4
忽悠,fair,0
急功近利,fair,0
性别歧视,fair,0
选举,fair,1234
恃强欺弱,fair,0
恩宠,fair,0
恶人先告状,fair,12
恶报,fair,1
恶有恶报,fair,1
悔之无及,fair,0
悔悟,fair,4
悔改,fair,30
悔过,fair,2
悔过自新,fair,1
悬殊,fair,49
惩,fair,2
惩前毖后,fair,32
惩办,fair,74
惩处,fair,96
惩治,fair,38
惩罚,fair,332
惯养,fair,0
意在沛公,fair,0
愚弄,fair,26
感恩图报,fair,1
愧恨,fair,0
慷慨捐生,fair,0
慷慨解囊,fair,2
憨厚,fair,15
懊悔,fair,8
成见,fair,8
戒规,fair,0
戡乱平反,fair,0
戴盆望天,fair,0
扒手,fair,6
扒窃,fair,17
打小报告,fair,2
打小算盘,fair,0
打抱不平,fair,2
托儿,fair,12
扣屎盔子,fair,0
扣帽子,fair,53
扪心自问,fair,8
扳平,fair,0
扶危济困,fair,1
扶弱抑强,fair,0
扶贫济困,fair,0
承担义务,fair,37
承认错误,fair,25
抄袭,fair,4
抢风头,fair,0
护短,fair,7
报仇,fair,21
报仇雪恨,fair,2
报仇雪耻,fair,0
报复,fair,80
报应,fair,9
报德,fair,1
报效,fair,1
报答,fair,18
抱不平,fair,3
抱佛脚,fair,0
抱屈,fair,0
抵债,fair,0
抵偿,fair,4
抵罪,fair,0
抵补,fair,2
抵账,fair,0
拉关系,fair,34
拐骗,fair,6
拨乱反正,fair,369
拨正,fair,3
持平,fair,4
挂羊头卖狗肉,fair,2
按理说,fair,10
挑拨离间,fair,31
挖肉补疮,fair,3
挨打受气,fair,0
捉拿归案,fair,2
捍卫,fair,349
捍卫正义,fair,0
损公肥私,fair,6
排华法案,fair,0
控诉,fair,179
推心置腹,fair,17
推贤让能,fair,0
掩人耳目,fair,9
掩耳,fair,0
掩耳盗铃,fair,8
揭黑,fair,0
揽辔澄清,fair,0
搀假,fair,0
搞花样,fair,0
撞骗,fair,0
擦边球,fair,0
攘窃,fair,0
改过自新,fair,3
改邪归正,fair,18
攻讦,fair,2
放刁,fair,0
政法,fair,135
敛财,fair,1
敛钱,fair,0
敲诈,fair,11
敲诈勒索罪,fair,0
斗鸡走马,fair,0
无信,fair,0
无所不用其极,fair,7
无良商家,fair,0
无赖,fair,20
既往不咎,fair,7
旧愁新恨,fair,0
明修栈道,fair,1
明理,fair,7
明理遵规,fair,0
昧良心,fair,0
是非曲直,fair,5
暗中监视,fair,0
暗害,fair,7
暗无天日,fair,6
暗渡陈仓,fair,1
暴力法,fair,0
替罪,fair,0
替罪羔羊,fair,0
最惠国,fair,38
最惠国待遇,fair,0
最高法院,fair,58
有失厚道,fair,0
有权,fair,550
有来有往,fair,5
有色眼镜,fair,3
有苦说不出,fair,0
有难同当,fair,0
服法,fair,0
望梅止渴,fair,1
朝纲,fair,0
朝闻夕改,fair,0
朦在鼓里,fair,0
朴实,fair,51
杀富济贫,fair,0
杀彘教子,fair,0
杀熟,fair,0
权利,fair,1223
权利法案,fair,0
条约,fair,1819
来而不往非礼也,fair,0
果报,fair,0
梁上君子,fair,2
检举,fair,55
横行霸道,fair,35
欺人太甚,fair,11
欺哄,fair,0
欺男霸女,fair,0
欺诈,fair,7
正义,fair,442
正义之士,fair,0
正义之心,fair,0
正义使者,fair,0
正义凛然,fair,0
正义心,fair,0
正义感,fair,15
正义战争,fair,7
正义斗争,fair,330
正名,fair,3
正大光明,fair,3
正当防卫,fair,7
正气,fair,67
正直,fair,52
正直清廉,fair,0
歧视,fair,196
歪点子,fair,1
比价,fair,19
毛出在羊身上,fair,0
民主,fair,5733
民族平等,fair,20
民脂民膏,fair,4
气不平,fair,0
水落石出,fair,5
江湖医生,fair,1
江湖骗子,fair,3
沐猴而冠,fair,0
沾光,fair,10
法令,fair,392
法制,fair,1052
法定义务,fair,0
法庭,fair,249
法律,fair,2000
法案,fair,80
法治,fair,41
法院,fair,314
法院裁决,fair,0
洗冤,fair,0
洗心革面,fair,0
活该,fair,7
济困扶危,fair,0
济贫,fair,11
海瑞,fair,72
淳朴,fair,15
混淆视听,fair,17
混蒙,fair,0
清偿,fair,2
清官,fair,25
清廉,fair,7
清廉为官,fair,0
清廉公正,fair,0
清廉如水,fair,0
清正,fair,3
清正廉明,fair,0
清正廉洁,fair,1
清风两袖,fair,0
滥杀无辜,fair,0
潜入,fair,81
澡垢索疵,fair,0
激浊扬清,fair,0
烂账,fair,0
照章,fair,3
牵制,fair,33
特权,fair,251
犯规,fair,3
狂三诈四,fair,0
狐假虎威,fair,11
狗仗人势,fair,0
狡兔三窟,fair,1
独占,fair,5
猪仔馆,fair,0
猫哭老鼠,fair,0
理所当然,fair,150
瑕不掩瑜,fair,2
瑷珲条约,fair,0
瓜田不纳履,fair,0
甜言密语,fair,0
生财有道,fair,3
申张正义,fair,1
申讨,fair,1
男女平等,fair,11
画饼充饥,fair,1
畏罪,fair,1
疏而不漏,fair,1
痛改前非,fair,15
痼癖,fair,0
癞皮,fair,0
白吃白喝,fair,0
白托,fair,0
盗伐,fair,9
盗卖,fair,2
盗取,fair,0
盗版,fair,0
盗用,fair,21
盘剥,fair,14
盛气凌人,fair,11
盲信,fair,0
直道而行,fair,0
真心实意,fair,36
真诚,fair,149
真诚善良,fair,0
瞒骗,fair,0
知人善任,fair,12
知恩,fair,3
知恩不报,fair,0
知情不报,fair,0
知法,fair,5
知法守法,fair,0
知法犯法,fair,4
知罪,fair,0
知错,fair,9
知错不改,fair,6
知错即改,fair,0
知错就改,fair,4
知错必改,fair,0
知错认错,fair,0
矫枉过正,fair,1
碰磁,fair,0
碰磁儿,fair,0
磊落大方,fair,0
礼尚往来,fair,2
社会平等,fair,0
社鼠城狐,fair,0
禁药,fair,0
私偏,fair,0
秉持正义,fair,0
秋毫无犯,fair,5
秋荼密网,fair,0
种族主义者,fair,33
积德,fair,1
积贼,fair,0
穷山恶水,fair,1
窃取,fair,60
窃国者侯,fair,0
窃权,fair,0
窃贼,fair,6
窃钩者诛,fair,0
窝藏,fair,24
窥视,fair,3
窦娥冤,fair,0
窬墙窥视,fair,0
竞争,fair,231
童叟无欺,fair,0
童工,fair,8
笃守,fair,0
笃实,fair,0
等价交换,fair,41
算帐,fair,0
篝火狐鸣,fair,0
粥少僧多,fair,0
索赔,fair,3
纠察,fair,7
纠正,fair,995
约契,fair,0
约法三章,fair,24
纪律,fair,336
纵横,fair,49
组织法,fair,128
细作,fair,3
终审,fair,14
绳之以法,fair,17
绳墨,fair,0
维护正义,fair,3
维权,fair,0
罗雀掘鼠,fair,0
罪不可恕,fair,0
罪无可恕,fair,0
罪有应得,fair,11
翻旧账,fair,1
翻老账,fair,0
老千,fair,0
老实,fair,77
老实巴交,fair,1
老实忠厚,fair,0
老少无欺,fair,0
耍得团团转,fair,0
耍赖,fair,1
耕奴,fair,0
耿直,fair,11
职分,fair,0
聪明反被聪明误,fair,0
背信,fair,2
胠箧,fair,0
胡编乱造,fair,0
胡说八道,fair,8
胸怀宽大,fair,0
脚正不怕鞋歪,fair,0
腹诽,fair,1
膏血,fair,0
自怨自艾,fair,0
自悔,fair,0
自欺,fair,6
自欺欺人,fair,17
自负盈亏,fair,102
自食其果,fair,10
舍得,fair,29
舍正从邪,fair,0
舞弊,fair,17
良法善治,fair,0
良禽择木,fair,0
花点子,fair,0
花言巧语,fair,15
苦海无边回头是岸,fair,0
苦肉计,fair,0
营私,fair,8
营私舞弊,fair,23
蒙受,fair,87
蒙在鼓里,fair,2
蒙混,fair,2
蒙蔽,fair,38
薄待,fair,0
虚与委蛇,fair,1
虚头,fair,0
虚报,fair,29
虚有其表,fair,0
蛊惑,fair,4
蠲除苛政,fair,0
蠹政,fair,0
血债累累,fair,2
血口喷人,fair,9
血证,fair,0
血账,fair,0
行窃,fair,4
衡平,fair,0
补偿,fair,54
补报,fair,1
表证,fair,0
裁判,fair,52
裁判员,fair,32
裁定,fair,102
装神弄鬼,fair,0
见利忘义,fair,0
规则,fair,61
规范,fair,21
言必信行必果,fair,0
言而无信,fair,17
言而有信,fair,1
认赔,fair,0
讨债,fair,1
讨饶,fair,0
让贤,fair,1
让贤与能,fair,0
讲信用,fair,4
讲礼守信,fair,0
讳疾忌医,fair,13
讹人,fair,0
讹诈,fair,61
论理,fair,2
设圈套,fair,1
证监会,fair,0
诈冒,fair,0
诈取,fair,0
诈唬,fair,0
诈尸,fair,0
诈欺,fair,0
诈领,fair,0
诈骗,fair,24
诈骗罪,fair,3
诉讼法,fair,7
诚信,fair,0
诚信为本,fair,0
诚信做人,fair,0
诚信待人,fair,0
诚实守信,fair,0
诚意,fair,194
诚笃,fair,0
话里套话,fair,0
诡诈,fair,3
诡谲,fair,2
诬良为盗,fair,0
误导,fair,0
诱导,fair,9
诱骗,fair,11
诳语,fair,0
说谎者,fair,2
诺言,fair,81
调停,fair,8
谣言惑众,fair,0
谦诚,fair,0
貌合神离,fair,3
财阀,fair,1
质直,fair,0
贩子,fair,9
贩私,fair,0
贪官污吏,fair,6
贪污,fair,124
贪爵慕位,fair,0
贪腐,fair,0
贪赃枉法,fair,4
贫富差距,fair,1
贱卖,fair,0
贵古贱今,fair,0
贵远贱近,fair,0
贼头贼脑,fair,1
贼船,fair,1
赃官污吏,fair,0
赃款,fair,16
赎罪,fair,1
赎罪日,fair,0
赏罚,fair,10
赔偿,fair,79
赔款,fair,18
赔礼道歉,fair,23
赔钱,fair,45
赤诚,fair,17
赤诚相见,fair,0
走私,fair,23
足金,fair,0
蹭吃,fair,0
车奴,fair,0
转面无情,fair,0
辛丑条约,fair,0
辩护人,fair,87
辩白,fair,1
辩解,fair,121
辩证施治,fair,0
迁怒于人,fair,0
还手,fair,20
还礼,fair,1
违信背约,fair,0
违强凌弱,fair,0
违强陵弱,fair,0
违法,fair,141
违法乱纪,fair,200
迷误,fair,1
迷途知返,fair,9
追悔,fair,0
追悔莫及,fair,2
追求正义,fair,0
追赃,fair,2
造假,fair,4
逼供信,fair,23
道义,fair,42
道理,fair,446
道貌岸然,fair,3
道高一尺,fair,0
遵法施行,fair,0
邪门歪道,fair,12
酬报,fair,2
醉翁之意不在酒,fair,1
采花大盗,fair,0
重典,fair,0
重利轻义,fair,0
重罚,fair,1
重诚信,fair,0
量刑,fair,58
金玉其外败絮其中,fair,0
金玉其表败絮其中,fair,0
钻空子,fair,4
铁面,fair,3
银样镴枪头,fair,0
销赃,fair,9
错案,fair,479
错爱,fair,0
问罪,fair,7
问罪之师,fair,3
阔气,fair,9
防弊,fair,0
阴谋,fair,678
阴险,fair,41
阴险毒辣,fair,4
除恶务尽,fair,1
除暴安良,fair,0
隶圉,fair,0
难能可贵,fair,52
雪耻,fair,3
霸占,fair,99
霸道,fair,44
青天,fair,8
青红皂白,fair,1
非正义,fair,14
靠得住,fair,9
面子,fair,42
顶天立地,fair,6
顺手牵羊,fair,1
饶恕,fair,4
骗供,fair,1
骗取,fair,35
骗局,fair,38
骗徒,fair,2
骗术,fair,4
高官厚禄,fair,7
高薪养廉,fair,0
鬼鬼祟祟,fair,4
魔高一丈,fair,0
鱼龙混杂,fair,1
鳄鱼眼泪,fair,0
鸣不平,fair,14
鸿门宴,fair,4
黑幕,fair,2
黑店,fair,8
黑鬼,fair,0
光明正大,fair,39
光明磊落,fair,101
正当,fair,486
应当,fair,3143
一视同仁,fair,62
相等,fair,54
无偏见,fair,1
无偏差,fair,0
同等,fair,105
平均,fair,2438
一样,fair,1980
平衡,fair,869
相称,fair,18
均匀,fair,61
均势,fair,123
均衡,fair,117
互利,fair,75
合适,fair,104
公正,fair,291
公义,fair,0
公心,fair,1
大公,fair,15
诚实,fair,28
公允,fair,5
不歧视,fair,0
不偏,fair,0
不倚,fair,0
排挤,fair,46
区别对待,fair,31
无原则,fair,15
不择手段,fair,44
欺骗,fair,278
骗人,fair,54
骗子,fair,42
蒙骗,fair,21
诓骗,fair,0
行骗,fair,1
偏执,fair,1
偏袒,fair,20
偏差,fair,71
偏爱,fair,8
排斥,fair,105
非法,fair,377
不正义,fair,0
不正当,fair,0
不义,fair,6
不平等,fair,0
不均衡,fair,0
不平衡,fair,0
不均,fair,18
失衡,fair,1
不合适,fair,0
不公平,fair,0
不公,fair,6
不当,fair,118
不诚实,fair,5
一尘不染,sanc,7
一灵真性,sanc,0
万世师表,sanc,0
万古长青,sanc,24
万恶,sanc,34
三仇,sanc,0
三级片,sanc,0
三自爱国教会,sanc,0
三藏法师,sanc,0
三魂七魄,sanc,0
上梁不正,sanc,0
上瘾,sanc,1
上苍,sanc,0
下流无耻,sanc,0
不安其室,sanc,0
不干不净,sanc,0
不知廉耻,sanc,0
不知羞耻,sanc,1
不知耻,sanc,0
与日同辉,sanc,0
丑恶,sanc,88
业障,sanc,0
东洋鬼,sanc,0
丧尽天良,sanc,8
丧心病狂,sanc,14
丧棒,sanc,0
中邪,sanc,0
主教,sanc,8
主祭,sanc,0
义不容辞,sanc,33
义薄云天,sanc,0
乌烟瘴气,sanc,12
乐施会,sanc,0
乘鹤,sanc,0
乱伦,sanc,0
乱搞男女关系,sanc,0
二奶,sanc,0
五瘟神,sanc,0
五鬼,sanc,0
亡国虏,sanc,0
交欢,sanc,0
享乐主义,sanc,1
亵昵,sanc,0
人杰地灵,sanc,1
人间地狱,sanc,1
仁人志士,sanc,6
仆街,sanc,0
仙乐,sanc,1
仙乡,sanc,0
仙姿玉色,sanc,0
仙桃,sanc,0
代祷,sanc,0
令誉,sanc,0
以身抵债,sanc,0
伉俪情深,sanc,0
伊斯兰圣战组织,sanc,0
伊玛目,sanc,13
伟业,sanc,1
传戒,sanc,0
传道书,sanc,0
伤天害理,sanc,3
伪经,sanc,0
佑护,sanc,0
佛,sanc,11
佛像,sanc,33
佛号,sanc,1
佛寺,sanc,8
佛性,sanc,0
佛经,sanc,12
佛舍利,sanc,0
佛诞日,sanc,0
佛陀,sanc,1
作古,sanc,0
作呕,sanc,0
作战勇敢,sanc,0
供奉,sanc,15
侮慢,sanc,1
保佑,sanc,7
保祐,sanc,0
信仰,sanc,127
信经,sanc,0
修女,sanc,3
修行,sanc,1
修道会,sanc,0
做礼拜,sanc,5
做祷告,sanc,0
做鬼,sanc,0
傍家儿,sanc,0
傍柳随花,sanc,0
傩神,sanc,0
傻屄,sanc,0
先知,sanc,2
先贤,sanc,0
光荣,sanc,700
八国联军,sanc,2
公孙龙,sanc,0
六亲不认,sanc,0
兰摧玉折,sanc,0
共工,sanc,0
冤孽,sanc,1
冥婚,sanc,0
冥府,sanc,0
冥王,sanc,0
冰壶秋月,sanc,0
冰清玉洁,sanc,1
冶荡,sanc,0
净土,sanc,1
净心修身,sanc,0
凡尘,sanc,0
刑辱,sanc,0
剃发令,sanc,0
剃度,sanc,1
前尘,sanc,0
功德无量,sanc,0
勇于献身,sanc,0
勒戒,sanc,0
化缘,sanc,2
医者仁心,sanc,0
十戒,sanc,0
十诫,sanc,0
卑污,sanc,1
卑鄙,sanc,85
卑鄙无耻,sanc,2
卑陋龌龊,sanc,0
单纯,sanc,285
卖春,sanc,0
南天门,sanc,4
卜占,sanc,0
卜卦,sanc,0
厉鬼,sanc,2
厚颜无耻,sanc,22
原罪,sanc,6
反基督,sanc,0
反感,sanc,30
反迷信,sanc,0
受命于天,sanc,0
受戒,sanc,2
古刹,sanc,2
叫床,sanc,0
叫鸡,sanc,0
可憎,sanc,6
可耻,sanc,127
吃喝嫖赌,sanc,0
合卺,sanc,0
名垂青史,sanc,0
名誉,sanc,122
吠陀,sanc,0
吸毒,sanc,21
吸毒成瘾,sanc,0
咒诅,sanc,0
咽气,sanc,0
善缘,sanc,0
善良单纯,sanc,0
嗜痂成癖,sanc,0
嗣徽,sanc,0
四圣谛,sanc,0
四灵,sanc,0
四谛,sanc,0
回禄,sanc,0
回肠荡气,sanc,1
因缘,sanc,6
圆寂,sanc,0
土谷祠,sanc,0
圣体,sanc,0
圣体血,sanc,0
圣像,sanc,0
圣僧,sanc,0
圣典,sanc,0
圣化,sanc,0
圣地,sanc,31
圣城,sanc,6
圣奥古斯丁,sanc,0
圣婴,sanc,4
圣子,sanc,0
圣庙,sanc,0
圣心,sanc,2
圣明,sanc,4
圣杯,sanc,0
圣殿,sanc,2
圣母,sanc,14
圣水,sanc,1
圣火,sanc,1
圣灵,sanc,0
圣父,sanc,0
圣盘,sanc,0
圣礼,sanc,0
圣祖,sanc,0
圣神,sanc,0
圣索非亚大教堂,sanc,0
圣经,sanc,10
圣经贤传,sanc,0
圣者,sanc,1
圣迹,sanc,1
圣餐,sanc,0
地府,sanc,1
地狱,sanc,31
地痞,sanc,0
地藏王菩萨,sanc,0
坎特伯雷大主教,sanc,0
坏包儿,sanc,0
坚贞,sanc,11
坚贞不渝,sanc,2
塔公寺,sanc,0
大公无私,sanc,54
大愿地藏菩萨,sanc,0
大日如来,sanc,0
大祭司,sanc,0
大藏经,sanc,0
天主教会,sanc,6
天仙,sanc,4
天伦,sanc,1
天使,sanc,11
天使报喜节,sanc,0
天命,sanc,6
天国,sanc,7
天地,sanc,98
天堂,sanc,23
天时,sanc,12
天界,sanc,4
天真,sanc,24
天神,sanc,7
天竺,sanc,6
天诛,sanc,0
天赐,sanc,1
天道,sanc,0
天长地久,sanc,1
天顺,sanc,6
天香国色,sanc,0
失节,sanc,0
失身,sanc,0
夹山寺,sanc,0
奉祀,sanc,0
奋不顾身,sanc,61
奠祭,sanc,1
奥迹,sanc,0
奸夫,sanc,0
奸尸,sanc,0
奸情,sanc,0
奸污,sanc,13
奸淫,sanc,9
奸邪,sanc,1
好色之徒,sanc,0
如来,sanc,2
如蚁附膻,sanc,0
如蝇逐臭,sanc,0
妈祖,sanc,1
妓女,sanc,0
妖怪,sanc,3
姘夫,sanc,0
姘居,sanc,0
姻缘,sanc,5
娇生惯养,sanc,7
娈童者,sanc,0
娴雅,sanc,0
娼女,sanc,0
娼妇,sanc,0
娼妓,sanc,2
婊子,sanc,1
婚礼,sanc,44
嫖妓,sanc,1
嫖娼,sanc,0
嫖资,sanc,0
孔庙,sanc,7
孝顺长辈,sanc,0
孽畜,sanc,0
宁为玉碎不为瓦全,sanc,0
守身,sanc,0
守身如玉,sanc,0
安魂弥撒,sanc,0
宝生佛,sanc,0
宣道,sanc,0
家丑不可外扬,sanc,1
家给人足,sanc,1
宿命,sanc,0
宿娼,sanc,0
寄托,sanc,86
寝苫枕块,sanc,0
寡廉鲜耻,sanc,3
寺庙,sanc,61
封建迷信,sanc,56
封斋,sanc,1
尊严,sanc,112
小蜜,sanc,0
尔雅,sanc,15
就木,sanc,0
山高水长,sanc,3
崇尚,sanc,4
崇拜仪式,sanc,0
布道,sanc,5
帝俊,sanc,0
帝喾,sanc,0
平安神宫,sanc,0
平生不做亏心事半夜敲门心不惊,sanc,0
幽冥,sanc,2
庇祐,sanc,0
应天顺时,sanc,0
庙主,sanc,0
庙塔,sanc,2
庙宇,sanc,23
庵堂,sanc,1
庸俗,sanc,20
开光,sanc,0
开戒,sanc,2
异教,sanc,0
弥勒,sanc,3
弥撒,sanc,8
归依,sanc,0
德治,sanc,5
志士仁人,sanc,7
忠烈祠,sanc,0
念经,sanc,6
性乐,sanc,0
性交易,sanc,0
性侵犯,sanc,0
性媾,sanc,0
性工作,sanc,0
性服务,sanc,0
性欲,sanc,1
性物恋,sanc,0
性瘾,sanc,0
性虐待,sanc,0
性骚扰,sanc,0
恐怖,sanc,56
恣意行乐,sanc,0
恬不知耻,sanc,12
恶浊,sanc,0
恶神,sanc,0
恶鬼,sanc,2
恹恹,sanc,0
情妇,sanc,0
情操,sanc,66
惊栗,sanc,0
意淫,sanc,0
愚昧迷信,sanc,0
慎独,sanc,0
慰安妇,sanc,0
慷慨赴义,sanc,0
懊悔,sanc,8
戒毒,sanc,4
戒毒所,sanc,0
戒绝,sanc,0
戒行,sanc,0
扒灰,sanc,0
托钵修会,sanc,0
扬清激浊,sanc,0
扶箕,sanc,0
抱头鼠蹿,sanc,0
招嫖,sanc,0
拜佛,sanc,3
拜祭,sanc,0
持国天,sanc,0
捐款,sanc,30
排泻物,sanc,0
接客,sanc,3
援交妹,sanc,0
援交,sanc,0
撒但,sanc,0
撒旦,sanc,0
操守,sanc,0
操屄,sanc,0
操逼,sanc,0
放下屠刀,sanc,3
救赎,sanc,0
教宗,sanc,0
敝屣尊荣,sanc,0
敬神,sanc,4
文雅,sanc,4
斋祭,sanc,0
断袖之癖,sanc,0
施主,sanc,0
无耻,sanc,76
无耻下流,sanc,0
无耻之极,sanc,0
无耻小人,sanc,0
无耻至极,sanc,0
无耻行径,sanc,0
昂然,sanc,5
晚祷,sanc,4
晨祷,sanc,0
普济众生,sanc,0
普贤菩萨,sanc,0
暗娼,sanc,0
月亮女神,sanc,0
有药瘾者,sanc,0
朝圣,sanc,4
朝拜,sanc,6
本罪,sanc,1
朽坏,sanc,0
朽木,sanc,12
朽烂,sanc,1
朽蠹,sanc,0
杀身成仁,sanc,0
染毒,sanc,0
梨俱吠陀,sanc,0
梵刹,sanc,0
梵呗,sanc,0
梵天,sanc,0
正教真诠,sanc,0
步斗踏罡,sanc,0
死神,sanc,7
死鬼,sanc,1
殉死,sanc,0
殉节,sanc,0
殉葬,sanc,3
残余沾染,sanc,0
残败,sanc,0
毒品,sanc,23
毒枭,sanc,0
毒瘾,sanc,0
毫无廉耻,sanc,0
民族气节,sanc,4
永垂不朽,sanc,31
求婚,sanc,3
污七八糟,sanc,0
污吏,sanc,1
污垢,sanc,9
污浊,sanc,9
污点,sanc,4
污言秽语,sanc,0
污辱,sanc,22
沉溺,sanc,0
沦丧,sanc,1
沦没,sanc,0
油腻,sanc,0
沾染,sanc,40
沾染世俗,sanc,0
沾染习气,sanc,0
法轮功,sanc,0
洁净,sanc,6
洁净无瑕,sanc,0
洁操,sanc,0
洁身自好,sanc,1
洋鬼子,sanc,2
洪福齐天,sanc,0
活佛,sanc,3
流水不腐,sanc,1
浊世,sanc,0
浊流,sanc,2
浮屠,sanc,0
涤瑕,sanc,0
涤罪所,sanc,0
淑女,sanc,1
淡泊名利,sanc,0
淫书,sanc,1
淫乱,sanc,1
淫亵,sanc,0
淫径,sanc,0
淫画,sanc,1
淫秽,sanc,1
淫秽色情信息,sanc,0
淫行,sanc,0
淫贱,sanc,0
淫辱,sanc,0
淫靡,sanc,0
淫风,sanc,0
淫鬼,sanc,0
混世魔王,sanc,0
清恬,sanc,0
清正廉洁,sanc,1
清真寺,sanc,48
清风劲节,sanc,0
清高,sanc,0
温蠖,sanc,0
湮没,sanc,5
湿婆,sanc,0
澡身浴德,sanc,0
灵体,sanc,0
灵异,sanc,0
灵柩,sanc,8
灵气,sanc,2
灵界,sanc,0
灵语,sanc,0
烈女,sanc,0
烟瘾,sanc,0
烟花女,sanc,0
烟花簿,sanc,0
烟花粉柳,sanc,0
烟花粉黛,sanc,0
烧香拜佛,sanc,1
焚香敬神,sanc,0
爱情,sanc,205
牝鸡司晨,sanc,0
犯毒,sanc,0
狎妓冶游,sanc,0
狐鬼神仙,sanc,0
狗男女,sanc,0
猥亵,sanc,5
献出,sanc,144
献身,sanc,266
玉洁冰清,sanc,0
玩人丧德,sanc,0
玩物丧志,sanc,1
玷辱,sanc,1
班禅,sanc,10
班禅喇嘛,sanc,0
男人膝下有黄金,sanc,0
男色,sanc,0
畸形,sanc,13
疏财重义,sanc,0
瘟神,sanc,8
瘾君子,sanc,1
登仙,sanc,0
白壁微瑕,sanc,0
白壁无瑕,sanc,0
皈依,sanc,1
盟山誓海,sanc,0
看破红尘,sanc,4
真主,sanc,9
真命,sanc,0
真理,sanc,2028
知耻,sanc,0
破迷信,sanc,0
示寂,sanc,0
礼器,sanc,2
祀物,sanc,0
祁奚之荐,sanc,0
祈,sanc,0
祈求,sanc,11
祈祷,sanc,15
祓濯,sanc,0
神仙,sanc,22
神佛,sanc,1
神农,sanc,1
神化,sanc,48
神妙隽美,sanc,0
神学士,sanc,0
神性,sanc,0
神明,sanc,1
神曲,sanc,6
神枯,sanc,0
神殿,sanc,9
神灵,sanc,5
神社,sanc,7
神祇,sanc,0
神祠,sanc,0
神谱,sanc,0
神道,sanc,0
神魂颠倒,sanc,2
神鸟,sanc,1
祭典,sanc,3
祭器,sanc,1
祭礼,sanc,3
祭祀,sanc,14
祭酒,sanc,1
祷告,sanc,1
祷念,sanc,0
祷文,sanc,0
祷祝,sanc,0
祷词,sanc,0
禁毒,sanc,1
禅堂,sanc,0
禅师,sanc,3
禅房,sanc,2
福煦,sanc,0
福音,sanc,5
福音书,sanc,0
禽兽不如,sanc,1
秋水,sanc,1
种族清洗,sanc,0
秦桧,sanc,9
积垢,sanc,0
积恶余殃,sanc,0
秽语,sanc,0
穷鼠啮狸,sanc,0
窈窕,sanc,1
窑姐儿,sanc,0
立地成佛,sanc,4
童女,sanc,0
童男,sanc,0
笑贫不笑娼,sanc,0
符咒,sanc,3
精魂,sanc,0
糟蹋,sanc,40
约柜,sanc,0
纨绔子弟,sanc,0
纯净,sanc,5
纯情,sanc,0
纯真,sanc,14
纯真无垢,sanc,0
纵欲,sanc,1
结义,sanc,1
网络成瘾,sanc,0
美神,sanc,1
羞耻之心,sanc,0
羞耻心,sanc,0
羞辱,sanc,3
羽化,sanc,0
羽客,sanc,0
老天爷,sanc,13
耶稣,sanc,12
耶稣基督,sanc,1
耶酥,sanc,0
耻笑,sanc,1
耻辱,sanc,18
肏你妈,sanc,0
肏屄,sanc,0
肏逼,sanc,0
脏字,sanc,1
脏话,sanc,0
脱俗,sanc,0
腐朽,sanc,74
腐臭,sanc,1
自悔,sanc,0
自暴自弃,sanc,2
自罪,sanc,0
臭钱,sanc,0
舍利塔,sanc,0
舍己救人,sanc,11
舍生取义,sanc,0
舍身取义,sanc,0
舍身求法,sanc,3
色情,sanc,2
色狼,sanc,0
节约用粮,sanc,3
芝兰,sanc,1
花天酒地,sanc,3
苍松翠柏,sanc,11
苦海,sanc,9
苦集灭道,sanc,0
英雄主义,sanc,12
茹毛饮血,sanc,0
草泥马,sanc,0
荒淫无耻,sanc,0
荣光,sanc,7
荣归主,sanc,0
菩提树,sanc,2
菩萨,sanc,79
藏垢纳污,sanc,0
虔信,sanc,0
虔信者,sanc,0
虽死犹荣,sanc,0
行淫,sanc,0
衰朽,sanc,1
衰败,sanc,6
见贤思齐,sanc,0
见鬼,sanc,4
观世音,sanc,1
观世音菩萨,sanc,0
观音,sanc,10
观音菩萨,sanc,0
角伎,sanc,0
角妓,sanc,0
讨厌,sanc,20
该亚,sanc,0
诲淫诲盗,sanc,0
谶语,sanc,1
贞女,sanc,0
贞操,sanc,0
贞节,sanc,3
贞节牌坊,sanc,1
质直,sanc,0
贩毒,sanc,1
贪贿无艺,sanc,0
贱人,sanc,0
贱骨头,sanc,0
赐福,sanc,1
赞飨,sanc,0
走马章台,sanc,0
赴阴曹,sanc,0
超度,sanc,0
跪祷,sanc,0
轩昂,sanc,2
轮奸,sanc,7
迦南,sanc,0
迷信,sanc,267
迷信思想,sanc,0
逆伦,sanc,0
造孽,sanc,4
造物主,sanc,2
逼奸,sanc,0
逼良为娼,sanc,0
遐心,sanc,0
遐祉,sanc,0
遐福,sanc,0
道家,sanc,0
道高益安,sanc,0
遗教,sanc,5
邪径,sanc,0
邪荡,sanc,0
邪道,sanc,15
鄙亵语,sanc,0
酒池肉林,sanc,0
酒色之徒,sanc,0
酩酊大醉,sanc,1
采花贼,sanc,0
释迦,sanc,1
野合,sanc,0
野狐禅,sanc,0
金刚,sanc,16
鉴戒,sanc,3
销魂,sanc,1
阎君,sanc,0
阎罗,sanc,0
阴司,sanc,0
阴曹,sanc,0
降福,sanc,0
陨落,sanc,3
陪床,sanc,0
隐君子,sanc,0
雅人深致,sanc,0
雅兴,sanc,1
雅怀,sanc,0
雅意,sanc,0
雅歌,sanc,0
雅洁,sanc,2
雅爱,sanc,0
雅致,sanc,17
雅言,sanc,0
雅趣,sanc,1
雅驯,sanc,0
雍容大度,sanc,0
雷锋,sanc,115
震古烁今,sanc,0
露阴癖,sanc,0
青天大老爷,sanc,0
青梅竹马,sanc,0
青衣,sanc,2
非礼,sanc,0
靡烂,sanc,0
靡靡之音,sanc,0
颓朽,sanc,0
颓败,sanc,0
风尘,sanc,8
风邪,sanc,0
食人,sanc,0
骄奢淫逸,sanc,5
骚货,sanc,0
骨气,sanc,2
高僧,sanc,22
高风亮节,sanc,3
鬼佬,sanc,0
鬼神,sanc,9
鬼魔,sanc,0
魑魅,sanc,2
魔王,sanc,1
魔鬼,sanc,28
鱼龙混杂,sanc,1
鸡奸,sanc,0
鸡巴,sanc,0
黄泉,sanc,1
黄祸,sanc,9
黄花闺女,sanc,0
黑龌,sanc,0
默祷,sanc,1
龌浊,sanc,0
龌龊,sanc,2
庄重,sanc,27
忠贞,sanc,18
质朴,sanc,22
正道,sanc,28
正派,sanc,5
贞洁,sanc,0
贞德,sanc,2
无罪,sanc,96
无邪,sanc,1
无瑕,sanc,4
无菌,sanc,5
无辜,sanc,129
卫生,sanc,482
完美,sanc,44
完好,sanc,34
童贞,sanc,2
寺,sanc,52
圣徒,sanc,3
圣人,sanc,18
圣贤,sanc,13
圣女,sanc,2
圣洁,sanc,7
圣德,sanc,2
神圣,sanc,172
少女,sanc,67
上帝,sanc,24
清澈,sanc,28
清白,sanc,19
虔诚,sanc,12
谦卑,sanc,0
庙,sanc,37
苦修,sanc,1
苦行,sanc,2
禁欲,sanc,1
戒,sanc,11
节制,sanc,30
节欲,sanc,0
精致,sanc,58
高雅,sanc,7
提纯,sanc,2
教堂,sanc,114
高洁,sanc,5
干净,sanc,115
端正,sanc,335
笃信,sanc,7
祠,sanc,1
纯正,sanc,2
纯朴,sanc,34
纯洁,sanc,74
纯粹,sanc,70
处女,sanc,3
崇高,sanc,383
罪人,sanc,30
罪行,sanc,692
罪过,sanc,15
罪孽,sanc,3
罪责,sanc,38
重罪,sanc,4
死罪,sanc,6
罪恶,sanc,208
憎恶,sanc,21
诱奸,sanc,2
有罪,sanc,124
引诱,sanc,34
淫逸,sanc,0
淫猥,sanc,0
淫妇,sanc,0
淫荡,sanc,0
厌恶,sanc,33
性泛滥,sanc,0
亵渎,sanc,8
邪恶,sanc,40
下流,sanc,19
侮辱,sanc,79
无节操,sanc,0
无度,sanc,3
污渍,sanc,0
污物,sanc,0
污损,sanc,0
污染,sanc,455
污秽,sanc,13
通奸,sanc,0
私生,sanc,0
水性杨花,sanc,0
色诱,sanc,0
扫黄,sanc,0
轻浮,sanc,1
破鞋,sanc,1
嫖,sanc,2
呕吐,sanc,13
弄脏,sanc,1
没教养,sanc,0
卖淫,sanc,5
乱交,sanc,1
滥情,sanc,0
烂泥,sanc,12
拉稀,sanc,0
妓院,sanc,3
晦暗,sanc,0
挥霍,sanc,69
花心,sanc,1
好色,sanc,3
感染,sanc,74
腐坏,sanc,0
腐化,sanc,10
放纵,sanc,32
放荡,sanc,3
犯戒,sanc,0
反胃,sanc,0
病人,sanc,292
病夫,sanc,8
恶心,sanc,10
恶化,sanc,382
恶毒,sanc,86
堕落,sanc,36
玷污,sanc,24
荡妇,sanc,0
粗鄙,sanc,0
传染,sanc,19
出轨,sanc,5
丑闻,sanc,20
沉溺声色,sanc,0
娼,sanc,0
不尊敬,sanc,0
不雅,sanc,0
不卫生,sanc,0
不清白,sanc,0
不虔诚,sanc,0
大逆不道,sanc,16
不洁,sanc,1
不节制,sanc,0
不检点,sanc,0
不干净,sanc,0
变质,sanc,54
变态,sanc,2
变坏,sanc,22
疾病,sanc,205
病害,sanc,20
病症,sanc,21
有病,sanc,50
得病,sanc,3
生病,sanc,54
病态,sanc,3
重病,sanc,64
沉疴,sanc,0
鄙劣,sanc,0
败坏,sanc,104
肮脏,sanc,52
万马齐喑,libe,28
为仁不富,libe,0
为富不仁,libe,1
举义,libe,0
五四,libe,274
五四运动,libe,333
人权,libe,188
剥削,libe,315
剥削者,libe,26
剥削阶级,libe,295
勒逼,libe,0
压而不服,libe,3
压迫,libe,233
大闹天宫,libe,17
天津条约,libe,0
奴工,libe,0
奴隶,libe,126
奴隶主,libe,20
威逼,libe,22
孙逸仙,libe,0
封建礼教,libe,7
帝国主义,libe,1037
强迫劳动,libe,0
恶霸,libe,22
抗击,libe,191
放诞不拘,libe,0
放诞不羁,libe,0
日英联军,libe,0
欺侮,libe,35
欺凌,libe,31
民权,libe,21
独立自主,libe,115
猪仔馆,libe,0
盘剥,libe,14
硬逼,libe,13
童工,libe,8
紧箍咒,libe,31
维权人士,libe,0
耕奴,libe,0
脱离苦海,libe,1
臣虏,libe,0
自由,libe,1293
良禽择木,libe,0
被剥削者,libe,0
解放,libe,1450
解脱,libe,56
计生,libe,0
财阀,libe,1
阶级斗争,libe,1066
霸占,libe,99
一文不值,wast,13
不务正业,wast,20
乱花,wast,11
以逸待劳,wast,0
俭朴,wast,17
俭省,wast,0
俭省节约,wast,0
俭约,wast,1
克勤克俭,wast,6
勤俭,wast,103
勤俭办事,wast,0
勤俭持家,wast,5
勤俭朴素,wast,0
勤俭治家,wast,0
勤俭节约,wast,57
勤工俭学,wast,107
厉行节约,wast,76
吃喝嫖赌,wast,0
守株待兔,wast,2
废弃,wast,36
废气,wast,64
折耗,wast,0
抛费,wast,0
挥金如土,wast,1
旷废,wast,0
替古人担忧,wast,0
枉费,wast,2
浪费,wast,1003
滥伐,wast,28
爱粮节粮,wast,0
环保,wast,16
环保节能,wast,0
生活俭朴,wast,0
白费,wast,11
省油,wast,5
糟蹋,wast,40
绿色食品,wast,0
耗损,wast,5
节俭,wast,9
节俭持家,wast,0
节减,wast,1
节水,wast,8
节水减排,wast,0
节水环保,wast,0
节水节电,wast,0
节油环保,wast,0
节流开源,wast,0
节省,wast,299
节省下来,wast,29
节省燃油,wast,0
节省电费,wast,0
节省资金,wast,0
节约,wast,1283
节约光荣,wast,0
节约时间,wast,0
节约水,wast,3
节约水电,wast,0
节约煤炭,wast,0
节约燃气,wast,0
节约物资,wast,0
节约用水,wast,15
节约用电,wast,50
节约用钱,wast,0
节约电,wast,0
节约电能,wast,0
节约电费,wast,0
节约粮食,wast,7
节约经济,wast,0
节约经费,wast,0
节约能源,wast,185
节约能耗,wast,0
节约资源,wast,2
节约金钱,wast,0
节能,wast,122
节能减排,wast,0
节能环保,wast,0
节能高效,wast,0
虚度光阴,wast,3
费神,wast,1
蹉跎,wast,0
铺张浪费,wast,61
骄奢淫逸,wast,5
鼎铛玉石,wast,0
万人之敌,altr,0
不畏强暴,altr,35
义勇,altr,1
义愤填胸,altr,0
义无反顾,altr,5
作战英勇,altr,0
侠肝义胆,altr,0
共享,altr,14
冲锋,altr,74
冲锋陷阵,altr,15
出生入死,altr,38
利他,altr,0
利他主义,altr,0
勇为,altr,2
勇于,altr,232
勇于开拓,altr,1
勇于开拓创新,altr,0
勇于探索,altr,47
勇于献身,altr,0
勇士,altr,51
勇往直前,altr,47
勇悍,altr,0
勇救,altr,0
勇敢,altr,294
勇敢善战,altr,0
勇敢坚定,altr,0
勇敢无畏,altr,2
勇敢果断,altr,0
勇斗歹徒,altr,0
勇武,altr,2
勇气,altr,150
勇猛,altr,61
勇猛善战,altr,0
勇猛无敌,altr,0
勇赴,altr,0
可欺,altr,7
善行义举,altr,0
因公殉职,altr,0
大公无私,altr,54
大智大勇,altr,9
奋不顾身,altr,61
奋勇,altr,53
奋勇争先,altr,4
奋勇作战,altr,3
奋勇前行,altr,0
奋勇当先,altr,5
奋战,altr,123
威武不屈,altr,6
弱不禁风,altr,0
忠诚勇敢,altr,0
慷慨赴义,altr,0
成仁取义,altr,0
战斗者,altr,4
抱头鼠窜,altr,3
排头兵,altr,20
支教,altr,0
斗志,altr,78
斗志昂扬,altr,25
无畏的勇气,altr,0
无私,altr,60
智勇双全,altr,8
果敢,altr,21
武勇,altr,1
殊死,altr,23
殒身不恤,altr,0
烈士,altr,475
独胆,altr,0
献出,altr,144
献血,altr,20
粉身碎骨,altr,13
舍己,altr,1
舍己救人,altr,11
舍身取义,altr,0
英勇,altr,549
英勇不屈,altr,0
英勇善战,altr,20
英勇壮举,altr,0
英勇奋斗,altr,0
英勇无比,altr,0
英勇无畏,altr,13
英勇果敢,altr,0
英雄主义,altr,12
行侠仗义,altr,0
见义勇为,altr,4
骁勇,altr,3
不苟,dili,2
严以律己,dili,15
事在人为,dili,7
仰屋著书,dili,0
俭学,dili,0
养家糊口,dili,1
刻苦努力,dili,0
刻苦耐劳,dili,2
勇于奋斗,dili,0
勇于进取,dili,7
勤劳,dili,122
勤奋,dili,89
千辛万苦,dili,29
听天由命,dili,5
埋天怨地,dili,0
塞责,dili,0
头悬梁,dili,1
锥刺股,dili,1
奋勇拼搏,dili,0
好吃懒做,dili,2
好逸恶劳,dili,7
将勤补绌,dili,0
开卷有益,dili,1
懒汉,dili,17
懒虫,dili,0
打拼,dili,0
拼命,dili,0
拼命三郎,dili,0
拼搏,dili,0
敝屣,dili,0
敬业,dili,10
水滴石穿,dili,0
滴水石穿,dili,0
滴水穿石,dili,0
熟能生巧,dili,0
积劳成疾,dili,9
自强,dili,30
自制,dili,48
自律,dili,0
良工心苦,dili,0
辛勤劳动,dili,131
不到长城非好汉,resi,2
不胜其苦,resi,1
保残守缺,resi,0
信心,resi,374
信念,resi,151
刚毅,resi,21
劲直,resi,0
劲草,resi,1
勇于克服困难,resi,0
卧薪尝胆,resi,1
咬紧牙关,resi,19
哀告宾服,resi,0
坚如磐石,resi,2
坚守,resi,56
坚守信念,resi,0
坚定,resi,429
坚定不移,resi,294
坚强,resi,281
坚强毅力,resi,0
坚忍不拔,resi,0
坚持,resi,4827
坚挺,resi,5
坚毅,resi,16
坚毅不屈,resi,0
坚毅不拔,resi,0
坚毅刚强,resi,0
坚毅顽强,resi,0
坚苦卓绝,resi,0
不屈,resi,46
坚韧,resi,29
毅力,resi,95
宁死不屈,resi,12
守正不阿,resi,0
弃守,resi,1
忍气吞声,resi,4
忍让,resi,25
忍辱求全,resi,0
怨天尤人,resi,8
怨天载道,resi,0
恒心,resi,2
持之以恒,resi,12
挺住,resi,4
攘诟,resi,0
曲意俯就,resi,0
果敢坚毅,resi,0
沉着,resi,73
烈火见真金,resi,0
疾风劲草,resi,0
疾风知劲草,resi,6
百折不挠,resi,29
矢志,resi,3
磨难,resi,5
秉持信念,resi,0
能伸能屈,resi,0
能屈能伸,resi,0
自强自律,resi,0
艰苦奋斗,resi,624
苦中作乐,resi,0
贫贱不能移,resi,0
逆来顺受,resi,6
面对困难,resi,0
韧性,resi,6
顽强,resi,334
不愧下学,mode,0
不敢当,mode,2
不知天高地厚,mode,0
不识抬举,mode,0
丰功伟绩,mode,47
久仰,mode,0
久慕,mode,0
久慕盛名,mode,0
互让,mode,0
傲慢,mode,17
傲慢无礼,mode,0
儒雅,mode,0
刚愎,mode,0
卑辞厚礼,mode,0
受教,mode,0
嚣张气焰,mode,13
多礼,mode,1
妄自菲薄,mode,9
客气,mode,30
尊敬,mode,215
尊重,mode,1383
彬彬,mode,0
恭候,mode,0
恭维,mode,5
恭让,mode,0
愧不敢当,mode,0
才疏学浅,mode,0
打躬作揖,mode,0
抛砖引玉,mode,2
拙著,mode,0
收敛锋芒,mode,0
敬意,mode,206
敬祝,mode,0
敬虔,mode,0
敬词,mode,0
显扬,mode,8
有失身份,mode,0
有恃无恐,mode,23
朝过夕改,mode,0
朴素,mode,108
横行,mode,642
此致敬礼,mode,0
毕恭毕敬,mode,1
满招损谦受益,mode,0
点头哈腰,mode,1
皎皎者易污,mode,0
目空一切,mode,2
看得起,mode,2
瞻仰,mode,107
矜贵,mode,0
肃敬,mode,0
肃然起敬,mode,12
自得,mode,2
自重,mode,8
致敬,mode,79
虚心,mode,127
蛮横无礼,mode,0
诚恳,mode,99
诚惶诚恐,mode,2
谦恭,mode,2
谦恭有礼,mode,0
谦恭礼让,mode,0
谦虚有礼,mode,0
谦让,mode,4
谦诚,mode,0
谦辞,mode,1
谦逊,mode,13
贵宾,mode,527
赏脸,mode,0
越俎代庖,mode,2
鄙人,mode,0
颐指气使,mode,4
骄傲,mode,118
骄奢淫逸,mode,5
默默无闻,mode,17
一失足成千古恨,general,0
一往无前,general,24
七情,general,0
三侠五义,general,0
三纲五常,general,3
不义之徒,general,0
不仁不义,general,0
不体面,general,5
不光彩,general,0
不和睦,general,0
不正当关系,general,0
不知礼,general,0
不礼貌,general,0
不端,general,2
不良,general,53
不良习惯,general,1
不良习气,general,1
不良份子,general,0
不良企图,general,0
不良作风,general,0
不良倾向,general,41
不良分子,general,0
不良商家,general,0
不良嗜好,general,0
不良影响,general,36
不良现象,general,20
不良行为,general,2
不良诱惑,general,0
不良贷款,general,0
不良青年,general,0
不良风气,general,12
世风,general,1
丧德,general,0
中庸,general,2
义正言辞,general,0
亲诚惠容,general,0
仁义,general,6
仁义道德,general,2
仁人义士,general,0
仁爱,general,1
仁爱之心,general,0
以礼待人,general,0
以礼相待,general,15
优良,general,183
作风,general,1164
品德,general,90
品格,general,29
品质,general,199
体面,general,9
作风优良,general,0
作风正派,general,39
值得敬佩,general,0
光耀门楣,general,0
克已复礼,general,0
入情入理,general,3
八荣八耻,general,0
公共道德,general,3
公序良俗,general,0
公德,general,3
典雅,general,14
功德圆满,general,1
卑劣,general,71
反省,general,17
名缰利锁,general,0
君子,general,15
和气,general,0
和谐,general,67
和谐之美,general,0
和谐发展,general,0
品学,general,3
品学兼优,general,7
品节,general,0
品行不良,general,0
品质优良,general,0
唤醒良知,general,0
善恶,general,2
四德,general,0
四海升平,general,0
坏良心,general,0
坏蛋,general,18
坚守良知,general,0
培育优良作风,general,0
大义,general,7
大仁大义,general,0
大同,general,109
天下大义,general,0
奋勇前进,general,77
存心不良,general,2
孝悌忠信,general,0
学风,general,44
安定和谐,general,0
害群之马,general,29
富裕和谐,general,0
尊贤使能,general,0
居心不良,general,0
山颓木坏,general,0
幸福,general,469
廉耻,general,2
彬彬君子,general,0
彬彬有礼,general,11
得道多助,general,6
得道多助失道寡助,general,0
德性,general,1
德才,general,12
德才兼备,general,32
德智体美,general,0
德行,general,0
忠孝仁义,general,0
忧患,general,7
恩仇,general,1
恩德,general,5
恶习,general,47
恶事,general,0
恶人,general,2
恶德,general,0
悲欢离合,general,25
慰藉,general,2
懂礼仪,general,0
懂礼节,general,0
报怨,general,0
拜金主义,general,0
操蛋,general,0
教养,general,19
文明,general,212
文明守礼,general,0
文明有礼,general,0
文明礼仪,general,0
文明礼貌,general,3
文质彬彬,general,1
无义,general,0
无礼地,general,0
无良,general,1
暴怒,general,1
有礼,general,2
有礼貌,general,0
柏节松操,general,0
正人君子,general,4
武王伐纣,general,0
歪风邪气,general,100
民族大义,general,14
气节,general,40
求仁得仁,general,0
没良心,general,2
浩气,general,6
淑人君子,general,0
深明大义,general,2
温文尔雅,general,2
温雅,general,0
温馨,general,4
焚琴煮鹤,general,0
煦仁孑义,general,0
狗日的,general,0
甘苦,general,14
盛德,general,0
真善美,general,10
知书达理,general,0
知廉耻,general,0
碍面子,general,0
礼义,general,2
礼义廉耻,general,0
礼乐,general,2
礼乐崩坏,general,0
礼仪,general,16
礼仪廉耻,general,0
礼仪道德,general,0
礼崩乐坏,general,0
礼废乐崩,general,0
礼貌,general,64
礼貌性,general,0
社会不良现象,general,0
社会不良风气,general,0
社会良知,general,0
社会道义,general,0
社会风气,general,132
社会风气良好,general,0
稳定和谐,general,0
箴言,general,35
粗口,general,0
粗语,general,0
糟粕,general,15
纵容,general,78
缺德,general,57
缺德鬼,general,0
美德,general,27
耀德,general,0
自命清高,general,0
自尊,general,3
自尊心,general,21
自然和谐,general,0
良善,general,0
良好,general,859
良好品质,general,0
良好市民,general,0
良好的品质,general,0
良好的榜样,general,0
良好风气,general,0
良家,general,1
良心,general,34
良心道德,general,0
良知,general,11
良知未泯,general,0
良知良能,general,0
节操,general,4
融洽和谐,general,0
衣冠楚楚,general,0
讲廉耻,general,0
讲文明讲礼貌,general,0
讲礼仪,general,0
讲礼节,general,0
讲礼貌,general,8
谴责,general,1531
财大气粗,general,1
贤良,general,0
贤良之士,general,0
贤良淑德,general,0
贤达,general,0
败类,general,14
贵德,general,0
贵贱,general,7
路不拾遗,general,1
进步,general,796
违利赴名,general,0
违背良心,general,0
道不拾遗,general,0
道德,general,109
道德困境,general,0
道德良知,general,0
道德败坏,general,3
陋习,general,3
随和,general,3
雅正,general,0
雷打不动,general,4
马马虎虎,general,8
骨节,general,0
